race_date,track,driver_name,driver_code,driver_id,driver_number,nationality,dob,team,grid_position,finish_position,position_status,laps,time_retired,time_type,points,set_fastest_lap,fastest_lap_time,status,length_km,opened,longitude,latitude
2023-03-05,Bahrain,Max Verstappen,VER,max_verstappen,1,Dutch,1997-09-30,Red Bull Racing Honda RBPT,1,1.0,Finished,57,1:33:56.736,winner_time,25,No,1:36.236,Finished,5.412,2002,50.510539,26.031766
2023-03-05,Bahrain,Sergio Perez,PER,perez,11,Mexican,1990-01-26,Red Bull Racing Honda RBPT,2,2.0,Finished,57,+11.987,gap_to_winner,18,No,1:36.344,Finished,5.412,2002,50.510539,26.031766
2023-03-05,Bahrain,Fernando Alonso,ALO,alonso,14,Spanish,1981-07-29,Aston Martin Aramco Mercedes,5,3.0,Finished,57,+38.637,gap_to_winner,15,No,1:36.156,Finished,5.412,2002,50.510539,26.031766
2023-03-05,Bahrain,Carlos Sainz,SAI,sainz,55,Spanish,1994-09-01,Ferrari,4,4.0,Finished,57,+48.052,gap_to_winner,12,No,1:37.130,Finished,5.412,2002,50.510539,26.031766
2023-03-05,Bahrain,Lewis Hamilton,HAM,hamilton,44,British,1985-01-07,Mercedes,7,5.0,Finished,57,+50.977,gap_to_winner,10,No,1:36.546,Finished,5.412,2002,50.510539,26.031766
2023-03-05,Bahrain,Lance Stroll,STR,stroll,18,Canadian,1998-10-29,Aston Martin Aramco Mercedes,8,6.0,Finished,57,+54.502,gap_to_winner,8,No,1:36.546,Finished,5.412,2002,50.510539,26.031766
2023-03-05,Bahrain,George Russell,RUS,russell,63,British,1998-02-15,Mercedes,6,7.0,Finished,57,+55.873,gap_to_winner,6,No,1:37.221,Finished,5.412,2002,50.510539,26.031766
2023-03-05,Bahrain,Valtteri Bottas,BOT,bottas,77,Finnish,1989-08-28,Alfa Romeo Ferrari,12,8.0,Finished,57,+72.647,gap_to_winner,4,No,1:37.379,Finished,5.412,2002,50.510539,26.031766
2023-03-05,Bahrain,Pierre Gasly,GAS,gasly,10,French,1996-02-07,Alpine Renault,20,9.0,Finished,57,+73.753,gap_to_winner,2,No,1:35.068,Finished,5.412,2002,50.510539,26.031766
2023-03-05,Bahrain,Alexander Albon,ALB,albon,23,Thai,1996-03-23,Williams Mercedes,15,10.0,Finished,57,+89.774,gap_to_winner,1,No,1:37.144,Finished,5.412,2002,50.510539,26.031766
2023-03-05,Bahrain,Yuki Tsunoda,TSU,tsunoda,22,Japanese,2000-05-11,AlphaTauri Honda RBPT,14,11.0,Finished,57,+90.870,gap_to_winner,0,No,1:36.637,Finished,5.412,2002,50.510539,26.031766
2023-03-05,Bahrain,Logan Sargeant,SAR,sargeant,2,American,2000-12-31,Williams Mercedes,16,12.0,Finished,56,+1 lap,lapped,0,No,1:36.037,Lapped,5.412,2002,50.510539,26.031766
2023-03-05,Bahrain,Kevin Magnussen,MAG,kevin_magnussen,20,Danish,1992-10-05,Haas Ferrari,17,13.0,Finished,56,+1 lap,lapped,0,No,1:36.471,Lapped,5.412,2002,50.510539,26.031766
2023-03-05,Bahrain,Nyck De Vries,DEV,de_vries,21,Dutch,1995-02-06,AlphaTauri Honda RBPT,19,14.0,Finished,56,+1 lap,lapped,0,No,1:37.709,Lapped,5.412,2002,50.510539,26.031766
2023-03-05,Bahrain,Nico Hulkenberg,HUL,hulkenberg,27,German,1987-08-19,Haas Ferrari,10,15.0,Finished,56,+1 lap,lapped,0,No,1:36.616,Lapped,5.412,2002,50.510539,26.031766
2023-03-05,Bahrain,Guanyu Zhou,ZHO,zhou,24,Chinese,1999-05-30,Alfa Romeo Ferrari,13,16.0,Finished,56,+1 lap,lapped,0,Yes,1:33.996,Lapped,5.412,2002,50.510539,26.031766
2023-03-05,Bahrain,Lando Norris,NOR,norris,4,British,1999-11-13,McLaren Mercedes,11,17.0,Finished,55,+2 laps,lapped,0,No,1:35.822,Lapped,5.412,2002,50.510539,26.031766
2023-03-05,Bahrain,Esteban Ocon,OCO,ocon,31,French,1996-09-17,Alpine Renault,9,,NC,41,DNF,dnf_dns,0,No,1:36.797,Retired,5.412,2002,50.510539,26.031766
2023-03-05,Bahrain,Charles Leclerc,LEC,leclerc,16,Monegasque,1997-10-16,Ferrari,3,,NC,39,DNF,dnf_dns,0,No,1:37.170,Retired,5.412,2002,50.510539,26.031766
2023-03-05,Bahrain,Oscar Piastri,PIA,piastri,81,Australian,2001-04-06,McLaren Mercedes,18,,NC,13,DNF,dnf_dns,0,No,1:40.691,Retired,5.412,2002,50.510539,26.031766
2023-03-19,Saudi Arabia,Sergio Perez,PER,perez,11,Mexican,1990-01-26,Red Bull Racing Honda RBPT,1,1.0,Finished,50,1:21:14.894,winner_time,25,No,1:32.188,Finished,6.175,2021,39.105076,21.631053
2023-03-19,Saudi Arabia,Max Verstappen,VER,max_verstappen,1,Dutch,1997-09-30,Red Bull Racing Honda RBPT,15,2.0,Finished,50,+5.335,gap_to_winner,19,Yes,1:31.906,Finished,6.175,2021,39.105076,21.631053
2023-03-19,Saudi Arabia,Fernando Alonso,ALO,alonso,14,Spanish,1981-07-29,Aston Martin Aramco Mercedes,2,3.0,Finished,50,+20.728,gap_to_winner,15,No,1:32.240,Finished,6.175,2021,39.105076,21.631053
2023-03-19,Saudi Arabia,George Russell,RUS,russell,63,British,1998-02-15,Mercedes,3,4.0,Finished,50,+25.866,gap_to_winner,12,No,1:32.433,Finished,6.175,2021,39.105076,21.631053
2023-03-19,Saudi Arabia,Lewis Hamilton,HAM,hamilton,44,British,1985-01-07,Mercedes,7,5.0,Finished,50,+31.065,gap_to_winner,10,No,1:32.941,Finished,6.175,2021,39.105076,21.631053
2023-03-19,Saudi Arabia,Carlos Sainz,SAI,sainz,55,Spanish,1994-09-01,Ferrari,4,6.0,Finished,50,+35.876,gap_to_winner,8,No,1:32.822,Finished,6.175,2021,39.105076,21.631053
2023-03-19,Saudi Arabia,Charles Leclerc,LEC,leclerc,16,Monegasque,1997-10-16,Ferrari,12,7.0,Finished,50,+43.162,gap_to_winner,6,No,1:33.056,Finished,6.175,2021,39.105076,21.631053
2023-03-19,Saudi Arabia,Esteban Ocon,OCO,ocon,31,French,1996-09-17,Alpine Renault,6,8.0,Finished,50,+52.832,gap_to_winner,4,No,1:33.222,Finished,6.175,2021,39.105076,21.631053
2023-03-19,Saudi Arabia,Pierre Gasly,GAS,gasly,10,French,1996-02-07,Alpine Renault,9,9.0,Finished,50,+54.747,gap_to_winner,2,No,1:33.392,Finished,6.175,2021,39.105076,21.631053
2023-03-19,Saudi Arabia,Kevin Magnussen,MAG,kevin_magnussen,20,Danish,1992-10-05,Haas Ferrari,13,10.0,Finished,50,+64.826,gap_to_winner,1,No,1:33.374,Finished,6.175,2021,39.105076,21.631053
2023-03-19,Saudi Arabia,Yuki Tsunoda,TSU,tsunoda,22,Japanese,2000-05-11,AlphaTauri Honda RBPT,16,11.0,Finished,50,+67.494,gap_to_winner,0,No,1:33.931,Finished,6.175,2021,39.105076,21.631053
2023-03-19,Saudi Arabia,Nico Hulkenberg,HUL,hulkenberg,27,German,1987-08-19,Haas Ferrari,10,12.0,Finished,50,+70.588,gap_to_winner,0,No,1:33.780,Finished,6.175,2021,39.105076,21.631053
2023-03-19,Saudi Arabia,Guanyu Zhou,ZHO,zhou,24,Chinese,1999-05-30,Alfa Romeo Ferrari,11,13.0,Finished,50,+76.060,gap_to_winner,0,No,1:33.894,Finished,6.175,2021,39.105076,21.631053
2023-03-19,Saudi Arabia,Nyck De Vries,DEV,de_vries,21,Dutch,1995-02-06,AlphaTauri Honda RBPT,18,14.0,Finished,50,+77.478,gap_to_winner,0,No,1:33.609,Finished,6.175,2021,39.105076,21.631053
2023-03-19,Saudi Arabia,Oscar Piastri,PIA,piastri,81,Australian,2001-04-06,McLaren Mercedes,8,15.0,Finished,50,+85.021,gap_to_winner,0,No,1:34.287,Finished,6.175,2021,39.105076,21.631053
2023-03-19,Saudi Arabia,Logan Sargeant,SAR,sargeant,2,American,2000-12-31,Williams Mercedes,20,16.0,Finished,50,+86.293,gap_to_winner,0,No,1:34.469,Finished,6.175,2021,39.105076,21.631053
2023-03-19,Saudi Arabia,Lando Norris,NOR,norris,4,British,1999-11-13,McLaren Mercedes,19,17.0,Finished,50,+86.445,gap_to_winner,0,No,1:34.122,Finished,6.175,2021,39.105076,21.631053
2023-03-19,Saudi Arabia,Valtteri Bottas,BOT,bottas,77,Finnish,1989-08-28,Alfa Romeo Ferrari,14,18.0,Finished,49,+1 lap,lapped,0,No,1:34.384,Lapped,6.175,2021,39.105076,21.631053
2023-03-19,Saudi Arabia,Alexander Albon,ALB,albon,23,Thai,1996-03-23,Williams Mercedes,17,,NC,27,DNF,dnf_dns,0,No,1:35.567,Retired,6.175,2021,39.105076,21.631053
2023-03-19,Saudi Arabia,Lance Stroll,STR,stroll,18,Canadian,1998-10-29,Aston Martin Aramco Mercedes,5,,NC,16,DNF,dnf_dns,0,No,1:35.140,Retired,6.175,2021,39.105076,21.631053
2023-04-02,Australia,Max Verstappen,VER,max_verstappen,1,Dutch,1997-09-30,Red Bull Racing Honda RBPT,1,1.0,Finished,58,2:32:28.371,winner_time,25,No,1:20.342,Finished,5.278,1953,144.968644,-37.849757
2023-04-02,Australia,Lewis Hamilton,HAM,hamilton,44,British,1985-01-07,Mercedes,3,2.0,Finished,58,+0.179,gap_to_winner,18,No,1:20.613,Finished,5.278,1953,144.968644,-37.849757
2023-04-02,Australia,Fernando Alonso,ALO,alonso,14,Spanish,1981-07-29,Aston Martin Aramco Mercedes,4,3.0,Finished,58,+0.769,gap_to_winner,15,No,1:20.476,Finished,5.278,1953,144.968644,-37.849757
2023-04-02,Australia,Lance Stroll,STR,stroll,18,Canadian,1998-10-29,Aston Martin Aramco Mercedes,6,4.0,Finished,58,+3.082,gap_to_winner,12,No,1:20.934,Finished,5.278,1953,144.968644,-37.849757
2023-04-02,Australia,Sergio Perez,PER,perez,11,Mexican,1990-01-26,Red Bull Racing Honda RBPT,20,5.0,Finished,58,+3.320,gap_to_winner,11,Yes,1:20.235,Finished,5.278,1953,144.968644,-37.849757
2023-04-02,Australia,Lando Norris,NOR,norris,4,British,1999-11-13,McLaren Mercedes,13,6.0,Finished,58,+3.701,gap_to_winner,8,No,1:21.173,Finished,5.278,1953,144.968644,-37.849757
2023-04-02,Australia,Nico Hulkenberg,HUL,hulkenberg,27,German,1987-08-19,Haas Ferrari,10,7.0,Finished,58,+4.939,gap_to_winner,6,No,1:21.124,Finished,5.278,1953,144.968644,-37.849757
2023-04-02,Australia,Oscar Piastri,PIA,piastri,81,Australian,2001-04-06,McLaren Mercedes,16,8.0,Finished,58,+5.382,gap_to_winner,4,No,1:21.335,Finished,5.278,1953,144.968644,-37.849757
2023-04-02,Australia,Guanyu Zhou,ZHO,zhou,24,Chinese,1999-05-30,Alfa Romeo Ferrari,17,9.0,Finished,58,+5.713,gap_to_winner,2,No,1:21.819,Finished,5.278,1953,144.968644,-37.849757
2023-04-02,Australia,Yuki Tsunoda,TSU,tsunoda,22,Japanese,2000-05-11,AlphaTauri Honda RBPT,12,10.0,Finished,58,+6.052,gap_to_winner,1,No,1:21.789,Finished,5.278,1953,144.968644,-37.849757
2023-04-02,Australia,Valtteri Bottas,BOT,bottas,77,Finnish,1989-08-28,Alfa Romeo Ferrari,19,11.0,Finished,58,+6.513,gap_to_winner,0,No,1:22.233,Finished,5.278,1953,144.968644,-37.849757
2023-04-02,Australia,Carlos Sainz,SAI,sainz,55,Spanish,1994-09-01,Ferrari,5,12.0,Finished,58,+6.594,gap_to_winner,0,No,1:20.467,Finished,5.278,1953,144.968644,-37.849757
2023-04-02,Australia,Pierre Gasly,GAS,gasly,10,French,1996-02-07,Alpine Renault,9,13.0,Finished,56,DNF,dnf_dns,0,No,1:20.995,Retired,5.278,1953,144.968644,-37.849757
2023-04-02,Australia,Esteban Ocon,OCO,ocon,31,French,1996-09-17,Alpine Renault,11,14.0,Finished,56,DNF,dnf_dns,0,No,1:21.203,Retired,5.278,1953,144.968644,-37.849757
2023-04-02,Australia,Nyck De Vries,DEV,de_vries,21,Dutch,1995-02-06,AlphaTauri Honda RBPT,15,15.0,Finished,56,DNF,dnf_dns,0,No,1:21.183,Retired,5.278,1953,144.968644,-37.849757
2023-04-02,Australia,Logan Sargeant,SAR,sargeant,2,American,2000-12-31,Williams Mercedes,18,16.0,Finished,56,DNF,dnf_dns,0,No,1:21.456,Retired,5.278,1953,144.968644,-37.849757
2023-04-02,Australia,Kevin Magnussen,MAG,kevin_magnussen,20,Danish,1992-10-05,Haas Ferrari,14,17.0,Finished,52,DNF,dnf_dns,0,No,1:21.685,Retired,5.278,1953,144.968644,-37.849757
2023-04-02,Australia,George Russell,RUS,russell,63,British,1998-02-15,Mercedes,2,,NC,17,DNF,dnf_dns,0,No,1:22.680,Retired,5.278,1953,144.968644,-37.849757
2023-04-02,Australia,Alexander Albon,ALB,albon,23,Thai,1996-03-23,Williams Mercedes,8,,NC,6,DNF,dnf_dns,0,No,1:23.349,Retired,5.278,1953,144.968644,-37.849757
2023-04-02,Australia,Charles Leclerc,LEC,leclerc,16,Monegasque,1997-10-16,Ferrari,7,,NC,0,DNF,dnf_dns,0,No,,Retired,5.278,1953,144.968644,-37.849757
2023-04-30,Azerbaijan,Sergio Perez,PER,perez,11,Mexican,1990-01-26,Red Bull Racing Honda RBPT,3,1.0,Finished,51,1:32:42.436,winner_time,25,No,1:44.589,Finished,6.003,2016,49.853247,40.372688
2023-04-30,Azerbaijan,Max Verstappen,VER,max_verstappen,1,Dutch,1997-09-30,Red Bull Racing Honda RBPT,2,2.0,Finished,51,+2.137,gap_to_winner,18,No,1:44.232,Finished,6.003,2016,49.853247,40.372688
2023-04-30,Azerbaijan,Charles Leclerc,LEC,leclerc,16,Monegasque,1997-10-16,Ferrari,1,3.0,Finished,51,+21.217,gap_to_winner,15,No,1:44.561,Finished,6.003,2016,49.853247,40.372688
2023-04-30,Azerbaijan,Fernando Alonso,ALO,alonso,14,Spanish,1981-07-29,Aston Martin Aramco Mercedes,6,4.0,Finished,51,+22.024,gap_to_winner,12,No,1:44.241,Finished,6.003,2016,49.853247,40.372688
2023-04-30,Azerbaijan,Carlos Sainz,SAI,sainz,55,Spanish,1994-09-01,Ferrari,4,5.0,Finished,51,+45.491,gap_to_winner,10,No,1:45.175,Finished,6.003,2016,49.853247,40.372688
2023-04-30,Azerbaijan,Lewis Hamilton,HAM,hamilton,44,British,1985-01-07,Mercedes,5,6.0,Finished,51,+46.145,gap_to_winner,8,No,1:45.346,Finished,6.003,2016,49.853247,40.372688
2023-04-30,Azerbaijan,Lance Stroll,STR,stroll,18,Canadian,1998-10-29,Aston Martin Aramco Mercedes,9,7.0,Finished,51,+51.617,gap_to_winner,6,No,1:45.627,Finished,6.003,2016,49.853247,40.372688
2023-04-30,Azerbaijan,George Russell,RUS,russell,63,British,1998-02-15,Mercedes,11,8.0,Finished,51,+74.240,gap_to_winner,5,Yes,1:43.370,Finished,6.003,2016,49.853247,40.372688
2023-04-30,Azerbaijan,Lando Norris,NOR,norris,4,British,1999-11-13,McLaren Mercedes,7,9.0,Finished,51,+80.376,gap_to_winner,2,No,1:45.738,Finished,6.003,2016,49.853247,40.372688
2023-04-30,Azerbaijan,Yuki Tsunoda,TSU,tsunoda,22,Japanese,2000-05-11,AlphaTauri Honda RBPT,8,10.0,Finished,51,+83.862,gap_to_winner,1,No,1:45.727,Finished,6.003,2016,49.853247,40.372688
2023-04-30,Azerbaijan,Oscar Piastri,PIA,piastri,81,Australian,2001-04-06,McLaren Mercedes,10,11.0,Finished,51,+86.501,gap_to_winner,0,No,1:45.631,Finished,6.003,2016,49.853247,40.372688
2023-04-30,Azerbaijan,Alexander Albon,ALB,albon,23,Thai,1996-03-23,Williams Mercedes,12,12.0,Finished,51,+88.623,gap_to_winner,0,No,1:45.925,Finished,6.003,2016,49.853247,40.372688
2023-04-30,Azerbaijan,Kevin Magnussen,MAG,kevin_magnussen,20,Danish,1992-10-05,Haas Ferrari,16,13.0,Finished,51,+89.729,gap_to_winner,0,No,1:45.850,Finished,6.003,2016,49.853247,40.372688
2023-04-30,Azerbaijan,Pierre Gasly,GAS,gasly,10,French,1996-02-07,Alpine Renault,17,14.0,Finished,51,+91.332,gap_to_winner,0,No,1:45.540,Finished,6.003,2016,49.853247,40.372688
2023-04-30,Azerbaijan,Esteban Ocon,OCO,ocon,31,French,1996-09-17,Alpine Renault,19,15.0,Finished,51,+97.794,gap_to_winner,0,No,1:45.908,Finished,6.003,2016,49.853247,40.372688
2023-04-30,Azerbaijan,Logan Sargeant,SAR,sargeant,2,American,2000-12-31,Williams Mercedes,14,16.0,Finished,51,+100.943,gap_to_winner,0,No,1:46.501,Finished,6.003,2016,49.853247,40.372688
2023-04-30,Azerbaijan,Nico Hulkenberg,HUL,hulkenberg,27,German,1987-08-19,Haas Ferrari,20,17.0,Finished,50,+1 lap,lapped,0,No,1:46.731,Lapped,6.003,2016,49.853247,40.372688
2023-04-30,Azerbaijan,Valtteri Bottas,BOT,bottas,77,Finnish,1989-08-28,Alfa Romeo Ferrari,13,18.0,Finished,50,+1 lap,lapped,0,No,1:46.304,Lapped,6.003,2016,49.853247,40.372688
2023-04-30,Azerbaijan,Guanyu Zhou,ZHO,zhou,24,Chinese,1999-05-30,Alfa Romeo Ferrari,15,,NC,36,DNF,dnf_dns,0,No,1:47.553,Retired,6.003,2016,49.853247,40.372688
2023-04-30,Azerbaijan,Nyck De Vries,DEV,de_vries,21,Dutch,1995-02-06,AlphaTauri Honda RBPT,18,,NC,9,DNF,dnf_dns,0,No,1:48.781,Retired,6.003,2016,49.853247,40.372688
2023-05-07,Miami,Max Verstappen,VER,max_verstappen,1,Dutch,1997-09-30,Red Bull Racing Honda RBPT,9,1.0,Finished,57,1:27:38.241,winner_time,26,Yes,1:29.708,Finished,5.412,2022,-80.237371,25.959092
2023-05-07,Miami,Sergio Perez,PER,perez,11,Mexican,1990-01-26,Red Bull Racing Honda RBPT,1,2.0,Finished,57,+5.384,gap_to_winner,18,No,1:30.560,Finished,5.412,2022,-80.237371,25.959092
2023-05-07,Miami,Fernando Alonso,ALO,alonso,14,Spanish,1981-07-29,Aston Martin Aramco Mercedes,2,3.0,Finished,57,+26.305,gap_to_winner,15,No,1:30.519,Finished,5.412,2022,-80.237371,25.959092
2023-05-07,Miami,George Russell,RUS,russell,63,British,1998-02-15,Mercedes,6,4.0,Finished,57,+33.229,gap_to_winner,12,No,1:31.015,Finished,5.412,2022,-80.237371,25.959092
2023-05-07,Miami,Carlos Sainz,SAI,sainz,55,Spanish,1994-09-01,Ferrari,3,5.0,Finished,57,+42.511,gap_to_winner,10,No,1:31.362,Finished,5.412,2022,-80.237371,25.959092
2023-05-07,Miami,Lewis Hamilton,HAM,hamilton,44,British,1985-01-07,Mercedes,13,6.0,Finished,57,+51.249,gap_to_winner,8,No,1:30.669,Finished,5.412,2022,-80.237371,25.959092
2023-05-07,Miami,Charles Leclerc,LEC,leclerc,16,Monegasque,1997-10-16,Ferrari,7,7.0,Finished,57,+52.988,gap_to_winner,6,No,1:31.434,Finished,5.412,2022,-80.237371,25.959092
2023-05-07,Miami,Pierre Gasly,GAS,gasly,10,French,1996-02-07,Alpine Renault,5,8.0,Finished,57,+55.670,gap_to_winner,4,No,1:31.971,Finished,5.412,2022,-80.237371,25.959092
2023-05-07,Miami,Esteban Ocon,OCO,ocon,31,French,1996-09-17,Alpine Renault,8,9.0,Finished,57,+58.123,gap_to_winner,2,No,1:31.143,Finished,5.412,2022,-80.237371,25.959092
2023-05-07,Miami,Kevin Magnussen,MAG,kevin_magnussen,20,Danish,1992-10-05,Haas Ferrari,4,10.0,Finished,57,+62.945,gap_to_winner,1,No,1:31.691,Finished,5.412,2022,-80.237371,25.959092
2023-05-07,Miami,Yuki Tsunoda,TSU,tsunoda,22,Japanese,2000-05-11,AlphaTauri Honda RBPT,17,11.0,Finished,57,+64.309,gap_to_winner,0,No,1:31.038,Finished,5.412,2022,-80.237371,25.959092
2023-05-07,Miami,Lance Stroll,STR,stroll,18,Canadian,1998-10-29,Aston Martin Aramco Mercedes,18,12.0,Finished,57,+64.754,gap_to_winner,0,No,1:30.862,Finished,5.412,2022,-80.237371,25.959092
2023-05-07,Miami,Valtteri Bottas,BOT,bottas,77,Finnish,1989-08-28,Alfa Romeo Ferrari,10,13.0,Finished,57,+71.637,gap_to_winner,0,No,1:31.838,Finished,5.412,2022,-80.237371,25.959092
2023-05-07,Miami,Alexander Albon,ALB,albon,23,Thai,1996-03-23,Williams Mercedes,11,14.0,Finished,57,+72.861,gap_to_winner,0,No,1:31.852,Finished,5.412,2022,-80.237371,25.959092
2023-05-07,Miami,Nico Hulkenberg,HUL,hulkenberg,27,German,1987-08-19,Haas Ferrari,12,15.0,Finished,57,+74.950,gap_to_winner,0,No,1:30.901,Finished,5.412,2022,-80.237371,25.959092
2023-05-07,Miami,Guanyu Zhou,ZHO,zhou,24,Chinese,1999-05-30,Alfa Romeo Ferrari,14,16.0,Finished,57,+78.440,gap_to_winner,0,No,1:31.736,Finished,5.412,2022,-80.237371,25.959092
2023-05-07,Miami,Lando Norris,NOR,norris,4,British,1999-11-13,McLaren Mercedes,16,17.0,Finished,57,+87.717,gap_to_winner,0,No,1:32.401,Finished,5.412,2022,-80.237371,25.959092
2023-05-07,Miami,Nyck De Vries,DEV,de_vries,21,Dutch,1995-02-06,AlphaTauri Honda RBPT,15,18.0,Finished,57,+88.949,gap_to_winner,0,No,1:31.562,Finished,5.412,2022,-80.237371,25.959092
2023-05-07,Miami,Oscar Piastri,PIA,piastri,81,Australian,2001-04-06,McLaren Mercedes,19,19.0,Finished,56,+1 lap,lapped,0,No,1:32.006,Lapped,5.412,2022,-80.237371,25.959092
2023-05-07,Miami,Logan Sargeant,SAR,sargeant,2,American,2000-12-31,Williams Mercedes,20,20.0,Finished,56,+1 lap,lapped,0,No,1:32.384,Lapped,5.412,2022,-80.237371,25.959092
2023-05-28,Monaco,Max Verstappen,VER,max_verstappen,1,Dutch,1997-09-30,Red Bull Racing Honda RBPT,1,1.0,Finished,78,1:48:51.980,winner_time,25,No,1:16.604,Finished,3.337,1929,7.427191,43.739404
2023-05-28,Monaco,Fernando Alonso,ALO,alonso,14,Spanish,1981-07-29,Aston Martin Aramco Mercedes,2,2.0,Finished,78,+27.921,gap_to_winner,18,No,1:16.674,Finished,3.337,1929,7.427191,43.739404
2023-05-28,Monaco,Esteban Ocon,OCO,ocon,31,French,1996-09-17,Alpine Renault,3,3.0,Finished,78,+36.990,gap_to_winner,15,No,1:16.528,Finished,3.337,1929,7.427191,43.739404
2023-05-28,Monaco,Lewis Hamilton,HAM,hamilton,44,British,1985-01-07,Mercedes,5,4.0,Finished,78,+39.062,gap_to_winner,13,Yes,1:15.650,Finished,3.337,1929,7.427191,43.739404
2023-05-28,Monaco,George Russell,RUS,russell,63,British,1998-02-15,Mercedes,8,5.0,Finished,78,+56.284,gap_to_winner,10,No,1:16.798,Finished,3.337,1929,7.427191,43.739404
2023-05-28,Monaco,Charles Leclerc,LEC,leclerc,16,Monegasque,1997-10-16,Ferrari,6,6.0,Finished,78,+61.890,gap_to_winner,8,No,1:15.773,Finished,3.337,1929,7.427191,43.739404
2023-05-28,Monaco,Pierre Gasly,GAS,gasly,10,French,1996-02-07,Alpine Renault,7,7.0,Finished,78,+62.362,gap_to_winner,6,No,1:15.831,Finished,3.337,1929,7.427191,43.739404
2023-05-28,Monaco,Carlos Sainz,SAI,sainz,55,Spanish,1994-09-01,Ferrari,4,8.0,Finished,78,+63.391,gap_to_winner,4,No,1:16.449,Finished,3.337,1929,7.427191,43.739404
2023-05-28,Monaco,Lando Norris,NOR,norris,4,British,1999-11-13,McLaren Mercedes,10,9.0,Finished,77,+1 lap,lapped,2,No,1:17.844,Lapped,3.337,1929,7.427191,43.739404
2023-05-28,Monaco,Oscar Piastri,PIA,piastri,81,Australian,2001-04-06,McLaren Mercedes,11,10.0,Finished,77,+1 lap,lapped,1,No,1:17.513,Lapped,3.337,1929,7.427191,43.739404
2023-05-28,Monaco,Valtteri Bottas,BOT,bottas,77,Finnish,1989-08-28,Alfa Romeo Ferrari,15,11.0,Finished,77,+1 lap,lapped,0,No,1:17.824,Lapped,3.337,1929,7.427191,43.739404
2023-05-28,Monaco,Nyck De Vries,DEV,de_vries,21,Dutch,1995-02-06,AlphaTauri Honda RBPT,12,12.0,Finished,77,+1 lap,lapped,0,No,1:17.561,Lapped,3.337,1929,7.427191,43.739404
2023-05-28,Monaco,Guanyu Zhou,ZHO,zhou,24,Chinese,1999-05-30,Alfa Romeo Ferrari,19,13.0,Finished,77,+1 lap,lapped,0,No,1:16.926,Lapped,3.337,1929,7.427191,43.739404
2023-05-28,Monaco,Alexander Albon,ALB,albon,23,Thai,1996-03-23,Williams Mercedes,13,14.0,Finished,77,+1 lap,lapped,0,No,1:16.672,Lapped,3.337,1929,7.427191,43.739404
2023-05-28,Monaco,Yuki Tsunoda,TSU,tsunoda,22,Japanese,2000-05-11,AlphaTauri Honda RBPT,9,15.0,Finished,76,+2 laps,lapped,0,No,1:17.680,Lapped,3.337,1929,7.427191,43.739404
2023-05-28,Monaco,Sergio Perez,PER,perez,11,Mexican,1990-01-26,Red Bull Racing Honda RBPT,20,16.0,Finished,76,+2 laps,lapped,0,No,1:16.269,Lapped,3.337,1929,7.427191,43.739404
2023-05-28,Monaco,Nico Hulkenberg,HUL,hulkenberg,27,German,1987-08-19,Haas Ferrari,18,17.0,Finished,76,+2 laps,lapped,0,No,1:16.991,Lapped,3.337,1929,7.427191,43.739404
2023-05-28,Monaco,Logan Sargeant,SAR,sargeant,2,American,2000-12-31,Williams Mercedes,16,18.0,Finished,76,+2 laps,lapped,0,No,1:17.302,Lapped,3.337,1929,7.427191,43.739404
2023-05-28,Monaco,Kevin Magnussen,MAG,kevin_magnussen,20,Danish,1992-10-05,Haas Ferrari,17,19.0,Finished,70,DNF,dnf_dns,0,No,1:18.351,Retired,3.337,1929,7.427191,43.739404
2023-05-28,Monaco,Lance Stroll,STR,stroll,18,Canadian,1998-10-29,Aston Martin Aramco Mercedes,14,,NC,53,DNF,dnf_dns,0,No,1:17.769,Retired,3.337,1929,7.427191,43.739404
2023-06-04,Spain,Max Verstappen,VER,max_verstappen,1,Dutch,1997-09-30,Red Bull Racing Honda RBPT,1,1.0,Finished,66,1:27:57.940,winner_time,26,Yes,1:16.330,Finished,4.655,1991,2.261221,41.570034
2023-06-04,Spain,Lewis Hamilton,HAM,hamilton,44,British,1985-01-07,Mercedes,4,2.0,Finished,66,+24.090,gap_to_winner,18,No,1:16.676,Finished,4.655,1991,2.261221,41.570034
2023-06-04,Spain,George Russell,RUS,russell,63,British,1998-02-15,Mercedes,12,3.0,Finished,66,+32.389,gap_to_winner,15,No,1:17.875,Finished,4.655,1991,2.261221,41.570034
2023-06-04,Spain,Sergio Perez,PER,perez,11,Mexican,1990-01-26,Red Bull Racing Honda RBPT,11,4.0,Finished,66,+35.812,gap_to_winner,12,No,1:16.666,Finished,4.655,1991,2.261221,41.570034
2023-06-04,Spain,Carlos Sainz,SAI,sainz,55,Spanish,1994-09-01,Ferrari,2,5.0,Finished,66,+45.698,gap_to_winner,10,No,1:18.403,Finished,4.655,1991,2.261221,41.570034
2023-06-04,Spain,Lance Stroll,STR,stroll,18,Canadian,1998-10-29,Aston Martin Aramco Mercedes,5,6.0,Finished,66,+63.320,gap_to_winner,8,No,1:18.722,Finished,4.655,1991,2.261221,41.570034
2023-06-04,Spain,Fernando Alonso,ALO,alonso,14,Spanish,1981-07-29,Aston Martin Aramco Mercedes,8,7.0,Finished,66,+64.127,gap_to_winner,6,No,1:18.083,Finished,4.655,1991,2.261221,41.570034
2023-06-04,Spain,Esteban Ocon,OCO,ocon,31,French,1996-09-17,Alpine Renault,6,8.0,Finished,66,+69.242,gap_to_winner,4,No,1:18.946,Finished,4.655,1991,2.261221,41.570034
2023-06-04,Spain,Guanyu Zhou,ZHO,zhou,24,Chinese,1999-05-30,Alfa Romeo Ferrari,13,9.0,Finished,66,+71.878,gap_to_winner,2,No,1:18.753,Finished,4.655,1991,2.261221,41.570034
2023-06-04,Spain,Pierre Gasly,GAS,gasly,10,French,1996-02-07,Alpine Renault,10,10.0,Finished,66,+73.530,gap_to_winner,1,No,1:18.375,Finished,4.655,1991,2.261221,41.570034
2023-06-04,Spain,Charles Leclerc,LEC,leclerc,16,Monegasque,1997-10-16,Ferrari,19,11.0,Finished,66,+74.419,gap_to_winner,0,No,1:18.357,Finished,4.655,1991,2.261221,41.570034
2023-06-04,Spain,Yuki Tsunoda,TSU,tsunoda,22,Japanese,2000-05-11,AlphaTauri Honda RBPT,15,12.0,Finished,66,+75.416,gap_to_winner,0,No,1:18.904,Finished,4.655,1991,2.261221,41.570034
2023-06-04,Spain,Oscar Piastri,PIA,piastri,81,Australian,2001-04-06,McLaren Mercedes,9,13.0,Finished,65,+1 lap,lapped,0,No,1:18.679,Lapped,4.655,1991,2.261221,41.570034
2023-06-04,Spain,Nyck De Vries,DEV,de_vries,21,Dutch,1995-02-06,AlphaTauri Honda RBPT,14,14.0,Finished,65,+1 lap,lapped,0,No,1:18.594,Lapped,4.655,1991,2.261221,41.570034
2023-06-04,Spain,Nico Hulkenberg,HUL,hulkenberg,27,German,1987-08-19,Haas Ferrari,7,15.0,Finished,65,+1 lap,lapped,0,No,1:18.776,Lapped,4.655,1991,2.261221,41.570034
2023-06-04,Spain,Alexander Albon,ALB,albon,23,Thai,1996-03-23,Williams Mercedes,18,16.0,Finished,65,+1 lap,lapped,0,No,1:19.133,Lapped,4.655,1991,2.261221,41.570034
2023-06-04,Spain,Lando Norris,NOR,norris,4,British,1999-11-13,McLaren Mercedes,3,17.0,Finished,65,+1 lap,lapped,0,No,1:17.182,Lapped,4.655,1991,2.261221,41.570034
2023-06-04,Spain,Kevin Magnussen,MAG,kevin_magnussen,20,Danish,1992-10-05,Haas Ferrari,17,18.0,Finished,65,+1 lap,lapped,0,No,1:18.069,Lapped,4.655,1991,2.261221,41.570034
2023-06-04,Spain,Valtteri Bottas,BOT,bottas,77,Finnish,1989-08-28,Alfa Romeo Ferrari,16,19.0,Finished,65,+1 lap,lapped,0,No,1:18.242,Lapped,4.655,1991,2.261221,41.570034
2023-06-04,Spain,Logan Sargeant,SAR,sargeant,2,American,2000-12-31,Williams Mercedes,20,20.0,Finished,65,+1 lap,lapped,0,No,1:19.247,Lapped,4.655,1991,2.261221,41.570034
2023-06-18,Canada,Max Verstappen,VER,max_verstappen,1,Dutch,1997-09-30,Red Bull Racing Honda RBPT,1,1.0,Finished,70,1:33:58.348,winner_time,25,No,1:15.594,Finished,4.361,1978,-73.523246,45.501816
2023-06-18,Canada,Fernando Alonso,ALO,alonso,14,Spanish,1981-07-29,Aston Martin Aramco Mercedes,2,2.0,Finished,70,+9.570,gap_to_winner,18,No,1:15.779,Finished,4.361,1978,-73.523246,45.501816
2023-06-18,Canada,Lewis Hamilton,HAM,hamilton,44,British,1985-01-07,Mercedes,3,3.0,Finished,70,+14.168,gap_to_winner,15,No,1:15.396,Finished,4.361,1978,-73.523246,45.501816
2023-06-18,Canada,Charles Leclerc,LEC,leclerc,16,Monegasque,1997-10-16,Ferrari,10,4.0,Finished,70,+18.648,gap_to_winner,12,No,1:15.907,Finished,4.361,1978,-73.523246,45.501816
2023-06-18,Canada,Carlos Sainz,SAI,sainz,55,Spanish,1994-09-01,Ferrari,11,5.0,Finished,70,+21.540,gap_to_winner,10,No,1:15.911,Finished,4.361,1978,-73.523246,45.501816
2023-06-18,Canada,Sergio Perez,PER,perez,11,Mexican,1990-01-26,Red Bull Racing Honda RBPT,12,6.0,Finished,70,+51.028,gap_to_winner,9,Yes,1:14.481,Finished,4.361,1978,-73.523246,45.501816
2023-06-18,Canada,Alexander Albon,ALB,albon,23,Thai,1996-03-23,Williams Mercedes,9,7.0,Finished,70,+60.813,gap_to_winner,6,No,1:16.917,Finished,4.361,1978,-73.523246,45.501816
2023-06-18,Canada,Esteban Ocon,OCO,ocon,31,French,1996-09-17,Alpine Renault,6,8.0,Finished,70,+61.692,gap_to_winner,4,No,1:16.782,Finished,4.361,1978,-73.523246,45.501816
2023-06-18,Canada,Lance Stroll,STR,stroll,18,Canadian,1998-10-29,Aston Martin Aramco Mercedes,16,9.0,Finished,70,+64.402,gap_to_winner,2,No,1:16.564,Finished,4.361,1978,-73.523246,45.501816
2023-06-18,Canada,Valtteri Bottas,BOT,bottas,77,Finnish,1989-08-28,Alfa Romeo Ferrari,14,10.0,Finished,70,+64.432,gap_to_winner,1,No,1:16.625,Finished,4.361,1978,-73.523246,45.501816
2023-06-18,Canada,Oscar Piastri,PIA,piastri,81,Australian,2001-04-06,McLaren Mercedes,8,11.0,Finished,70,+65.101,gap_to_winner,0,No,1:16.598,Finished,4.361,1978,-73.523246,45.501816
2023-06-18,Canada,Pierre Gasly,GAS,gasly,10,French,1996-02-07,Alpine Renault,15,12.0,Finished,70,+65.249,gap_to_winner,0,No,1:16.425,Finished,4.361,1978,-73.523246,45.501816
2023-06-18,Canada,Lando Norris,NOR,norris,4,British,1999-11-13,McLaren Mercedes,7,13.0,Finished,70,+68.363,gap_to_winner,0,No,1:16.374,Finished,4.361,1978,-73.523246,45.501816
2023-06-18,Canada,Yuki Tsunoda,TSU,tsunoda,22,Japanese,2000-05-11,AlphaTauri Honda RBPT,19,14.0,Finished,70,+73.423,gap_to_winner,0,No,1:16.666,Finished,4.361,1978,-73.523246,45.501816
2023-06-18,Canada,Nico Hulkenberg,HUL,hulkenberg,27,German,1987-08-19,Haas Ferrari,5,15.0,Finished,69,+1 lap,lapped,0,No,1:17.232,Lapped,4.361,1978,-73.523246,45.501816
2023-06-18,Canada,Guanyu Zhou,ZHO,zhou,24,Chinese,1999-05-30,Alfa Romeo Ferrari,20,16.0,Finished,69,+1 lap,lapped,0,No,1:17.090,Lapped,4.361,1978,-73.523246,45.501816
2023-06-18,Canada,Kevin Magnussen,MAG,kevin_magnussen,20,Danish,1992-10-05,Haas Ferrari,13,17.0,Finished,69,+1 lap,lapped,0,No,1:16.126,Lapped,4.361,1978,-73.523246,45.501816
2023-06-18,Canada,Nyck De Vries,DEV,de_vries,21,Dutch,1995-02-06,AlphaTauri Honda RBPT,17,18.0,Finished,69,+1 lap,lapped,0,No,1:16.656,Lapped,4.361,1978,-73.523246,45.501816
2023-06-18,Canada,George Russell,RUS,russell,63,British,1998-02-15,Mercedes,4,,NC,53,DNF,dnf_dns,0,No,1:17.097,Retired,4.361,1978,-73.523246,45.501816
2023-06-18,Canada,Logan Sargeant,SAR,sargeant,2,American,2000-12-31,Williams Mercedes,18,,NC,6,DNF,dnf_dns,0,No,1:18.437,Retired,4.361,1978,-73.523246,45.501816
2023-07-02,Austria,Max Verstappen,VER,max_verstappen,1,Dutch,1997-09-30,Red Bull Racing Honda RBPT,1,1.0,Finished,71,1:25:33.607,winner_time,26,Yes,1:07.012,Finished,4.318,1969,14.765119,47.220023
2023-07-02,Austria,Charles Leclerc,LEC,leclerc,16,Monegasque,1997-10-16,Ferrari,2,2.0,Finished,71,+5.155,gap_to_winner,18,No,1:08.820,Finished,4.318,1969,14.765119,47.220023
2023-07-02,Austria,Sergio Perez,PER,perez,11,Mexican,1990-01-26,Red Bull Racing Honda RBPT,15,3.0,Finished,71,+17.188,gap_to_winner,15,No,1:08.111,Finished,4.318,1969,14.765119,47.220023
2023-07-02,Austria,Lando Norris,NOR,norris,4,British,1999-11-13,McLaren Mercedes,4,4.0,Finished,71,+26.327,gap_to_winner,12,No,1:08.739,Finished,4.318,1969,14.765119,47.220023
2023-07-02,Austria,Fernando Alonso,ALO,alonso,14,Spanish,1981-07-29,Aston Martin Aramco Mercedes,7,5.0,Finished,71,+30.317,gap_to_winner,10,No,1:09.108,Finished,4.318,1969,14.765119,47.220023
2023-07-02,Austria,Carlos Sainz,SAI,sainz,55,Spanish,1994-09-01,Ferrari,3,6.0,Finished,71,+31.377,gap_to_winner,8,No,1:08.880,Finished,4.318,1969,14.765119,47.220023
2023-07-02,Austria,George Russell,RUS,russell,63,British,1998-02-15,Mercedes,11,7.0,Finished,71,+48.403,gap_to_winner,6,No,1:09.283,Finished,4.318,1969,14.765119,47.220023
2023-07-02,Austria,Lewis Hamilton,HAM,hamilton,44,British,1985-01-07,Mercedes,5,8.0,Finished,71,+49.196,gap_to_winner,4,No,1:09.160,Finished,4.318,1969,14.765119,47.220023
2023-07-02,Austria,Lance Stroll,STR,stroll,18,Canadian,1998-10-29,Aston Martin Aramco Mercedes,6,9.0,Finished,71,+59.043,gap_to_winner,2,No,1:08.463,Finished,4.318,1969,14.765119,47.220023
2023-07-02,Austria,Pierre Gasly,GAS,gasly,10,French,1996-02-07,Alpine Renault,9,10.0,Finished,71,+67.667,gap_to_winner,1,No,1:09.046,Finished,4.318,1969,14.765119,47.220023
2023-07-02,Austria,Alexander Albon,ALB,albon,23,Thai,1996-03-23,Williams Mercedes,10,11.0,Finished,71,+79.767,gap_to_winner,0,No,1:09.560,Finished,4.318,1969,14.765119,47.220023
2023-07-02,Austria,Guanyu Zhou,ZHO,zhou,24,Chinese,1999-05-30,Alfa Romeo Ferrari,17,12.0,Finished,70,+1 lap,lapped,0,No,1:09.786,Lapped,4.318,1969,14.765119,47.220023
2023-07-02,Austria,Logan Sargeant,SAR,sargeant,2,American,2000-12-31,Williams Mercedes,18,13.0,Finished,70,+1 lap,lapped,0,No,1:09.611,Lapped,4.318,1969,14.765119,47.220023
2023-07-02,Austria,Esteban Ocon,OCO,ocon,31,French,1996-09-17,Alpine Renault,12,14.0,Finished,70,+1 lap,lapped,0,No,1:09.797,Lapped,4.318,1969,14.765119,47.220023
2023-07-02,Austria,Valtteri Bottas,BOT,bottas,77,Finnish,1989-08-28,Alfa Romeo Ferrari,14,15.0,Finished,70,+1 lap,lapped,0,No,1:09.940,Lapped,4.318,1969,14.765119,47.220023
2023-07-02,Austria,Oscar Piastri,PIA,piastri,81,Australian,2001-04-06,McLaren Mercedes,13,16.0,Finished,70,+1 lap,lapped,0,No,1:09.862,Lapped,4.318,1969,14.765119,47.220023
2023-07-02,Austria,Nyck De Vries,DEV,de_vries,21,Dutch,1995-02-06,AlphaTauri Honda RBPT,20,17.0,Finished,70,+1 lap,lapped,0,No,1:09.852,Lapped,4.318,1969,14.765119,47.220023
2023-07-02,Austria,Kevin Magnussen,MAG,kevin_magnussen,20,Danish,1992-10-05,Haas Ferrari,19,18.0,Finished,70,+1 lap,lapped,0,No,1:10.176,Lapped,4.318,1969,14.765119,47.220023
2023-07-02,Austria,Yuki Tsunoda,TSU,tsunoda,22,Japanese,2000-05-11,AlphaTauri Honda RBPT,16,19.0,Finished,70,+1 lap,lapped,0,No,1:09.620,Lapped,4.318,1969,14.765119,47.220023
2023-07-02,Austria,Nico Hulkenberg,HUL,hulkenberg,27,German,1987-08-19,Haas Ferrari,8,,NC,12,DNF,dnf_dns,0,No,1:11.066,Retired,4.318,1969,14.765119,47.220023
2023-07-09,Great Britain,Max Verstappen,VER,max_verstappen,1,Dutch,1997-09-30,Red Bull Racing Honda RBPT,1,1.0,Finished,52,1:25:16.938,winner_time,26,Yes,1:30.275,Finished,5.891,1948,-1.015349,52.07879
2023-07-09,Great Britain,Lando Norris,NOR,norris,4,British,1999-11-13,McLaren Mercedes,2,2.0,Finished,52,+3.798,gap_to_winner,18,No,1:30.543,Finished,5.891,1948,-1.015349,52.07879
2023-07-09,Great Britain,Lewis Hamilton,HAM,hamilton,44,British,1985-01-07,Mercedes,7,3.0,Finished,52,+6.783,gap_to_winner,15,No,1:30.545,Finished,5.891,1948,-1.015349,52.07879
2023-07-09,Great Britain,Oscar Piastri,PIA,piastri,81,Australian,2001-04-06,McLaren Mercedes,3,4.0,Finished,52,+7.776,gap_to_winner,12,No,1:30.850,Finished,5.891,1948,-1.015349,52.07879
2023-07-09,Great Britain,George Russell,RUS,russell,63,British,1998-02-15,Mercedes,6,5.0,Finished,52,+11.206,gap_to_winner,10,No,1:31.124,Finished,5.891,1948,-1.015349,52.07879
2023-07-09,Great Britain,Sergio Perez,PER,perez,11,Mexican,1990-01-26,Red Bull Racing Honda RBPT,15,6.0,Finished,52,+12.882,gap_to_winner,8,No,1:30.914,Finished,5.891,1948,-1.015349,52.07879
2023-07-09,Great Britain,Fernando Alonso,ALO,alonso,14,Spanish,1981-07-29,Aston Martin Aramco Mercedes,9,7.0,Finished,52,+17.193,gap_to_winner,6,No,1:31.338,Finished,5.891,1948,-1.015349,52.07879
2023-07-09,Great Britain,Alexander Albon,ALB,albon,23,Thai,1996-03-23,Williams Mercedes,8,8.0,Finished,52,+17.878,gap_to_winner,4,No,1:31.273,Finished,5.891,1948,-1.015349,52.07879
2023-07-09,Great Britain,Charles Leclerc,LEC,leclerc,16,Monegasque,1997-10-16,Ferrari,4,9.0,Finished,52,+18.689,gap_to_winner,2,No,1:31.255,Finished,5.891,1948,-1.015349,52.07879
2023-07-09,Great Britain,Carlos Sainz,SAI,sainz,55,Spanish,1994-09-01,Ferrari,5,10.0,Finished,52,+19.448,gap_to_winner,1,No,1:31.366,Finished,5.891,1948,-1.015349,52.07879
2023-07-09,Great Britain,Logan Sargeant,SAR,sargeant,2,American,2000-12-31,Williams Mercedes,14,11.0,Finished,52,+23.632,gap_to_winner,0,No,1:31.699,Finished,5.891,1948,-1.015349,52.07879
2023-07-09,Great Britain,Valtteri Bottas,BOT,bottas,77,Finnish,1989-08-28,Alfa Romeo Ferrari,20,12.0,Finished,52,+25.830,gap_to_winner,0,No,1:31.852,Finished,5.891,1948,-1.015349,52.07879
2023-07-09,Great Britain,Nico Hulkenberg,HUL,hulkenberg,27,German,1987-08-19,Haas Ferrari,11,13.0,Finished,52,+26.663,gap_to_winner,0,No,1:31.776,Finished,5.891,1948,-1.015349,52.07879
2023-07-09,Great Britain,Lance Stroll,STR,stroll,18,Canadian,1998-10-29,Aston Martin Aramco Mercedes,12,14.0,Finished,52,+27.483,gap_to_winner,0,No,1:31.508,Finished,5.891,1948,-1.015349,52.07879
2023-07-09,Great Britain,Guanyu Zhou,ZHO,zhou,24,Chinese,1999-05-30,Alfa Romeo Ferrari,17,15.0,Finished,52,+29.820,gap_to_winner,0,No,1:31.769,Finished,5.891,1948,-1.015349,52.07879
2023-07-09,Great Britain,Yuki Tsunoda,TSU,tsunoda,22,Japanese,2000-05-11,AlphaTauri Honda RBPT,16,16.0,Finished,52,+31.225,gap_to_winner,0,No,1:32.084,Finished,5.891,1948,-1.015349,52.07879
2023-07-09,Great Britain,Nyck De Vries,DEV,de_vries,21,Dutch,1995-02-06,AlphaTauri Honda RBPT,18,17.0,Finished,52,+33.128,gap_to_winner,0,No,1:32.353,Finished,5.891,1948,-1.015349,52.07879
2023-07-09,Great Britain,Pierre Gasly,GAS,gasly,10,French,1996-02-07,Alpine Renault,10,18.0,Finished,46,DNF,dnf_dns,0,No,1:31.539,Retired,5.891,1948,-1.015349,52.07879
2023-07-09,Great Britain,Kevin Magnussen,MAG,kevin_magnussen,20,Danish,1992-10-05,Haas Ferrari,19,,NC,31,DNF,dnf_dns,0,No,1:33.356,Retired,5.891,1948,-1.015349,52.07879
2023-07-09,Great Britain,Esteban Ocon,OCO,ocon,31,French,1996-09-17,Alpine Renault,13,,NC,9,DNF,dnf_dns,0,No,1:33.941,Retired,5.891,1948,-1.015349,52.07879
2023-07-23,Hungary,Max Verstappen,VER,max_verstappen,1,Dutch,1997-09-30,Red Bull Racing Honda RBPT,2,1.0,Finished,70,1:38:08.634,winner_time,26,Yes,1:20.504,Finished,4.381,1986,19.245888,47.58026
2023-07-23,Hungary,Lando Norris,NOR,norris,4,British,1999-11-13,McLaren Mercedes,3,2.0,Finished,70,+33.731,gap_to_winner,18,No,1:22.178,Finished,4.381,1986,19.245888,47.58026
2023-07-23,Hungary,Sergio Perez,PER,perez,11,Mexican,1990-01-26,Red Bull Racing Honda RBPT,9,3.0,Finished,70,+37.603,gap_to_winner,15,No,1:22.295,Finished,4.381,1986,19.245888,47.58026
2023-07-23,Hungary,Lewis Hamilton,HAM,hamilton,44,British,1985-01-07,Mercedes,1,4.0,Finished,70,+39.134,gap_to_winner,12,No,1:21.601,Finished,4.381,1986,19.245888,47.58026
2023-07-23,Hungary,Oscar Piastri,PIA,piastri,81,Australian,2001-04-06,McLaren Mercedes,4,5.0,Finished,70,+62.572,gap_to_winner,10,No,1:22.736,Finished,4.381,1986,19.245888,47.58026
2023-07-23,Hungary,George Russell,RUS,russell,63,British,1998-02-15,Mercedes,18,6.0,Finished,70,+65.825,gap_to_winner,8,No,1:22.158,Finished,4.381,1986,19.245888,47.58026
2023-07-23,Hungary,Charles Leclerc,LEC,leclerc,16,Monegasque,1997-10-16,Ferrari,6,7.0,Finished,70,+70.317,gap_to_winner,6,No,1:22.469,Finished,4.381,1986,19.245888,47.58026
2023-07-23,Hungary,Carlos Sainz,SAI,sainz,55,Spanish,1994-09-01,Ferrari,11,8.0,Finished,70,+71.073,gap_to_winner,4,No,1:22.584,Finished,4.381,1986,19.245888,47.58026
2023-07-23,Hungary,Fernando Alonso,ALO,alonso,14,Spanish,1981-07-29,Aston Martin Aramco Mercedes,8,9.0,Finished,70,+75.709,gap_to_winner,2,No,1:22.745,Finished,4.381,1986,19.245888,47.58026
2023-07-23,Hungary,Lance Stroll,STR,stroll,18,Canadian,1998-10-29,Aston Martin Aramco Mercedes,14,10.0,Finished,69,+1 lap,lapped,1,No,1:23.425,Lapped,4.381,1986,19.245888,47.58026
2023-07-23,Hungary,Alexander Albon,ALB,albon,23,Thai,1996-03-23,Williams Mercedes,16,11.0,Finished,69,+1 lap,lapped,0,No,1:24.051,Lapped,4.381,1986,19.245888,47.58026
2023-07-23,Hungary,Valtteri Bottas,BOT,bottas,77,Finnish,1989-08-28,Alfa Romeo Ferrari,7,12.0,Finished,69,+1 lap,lapped,0,No,1:23.651,Lapped,4.381,1986,19.245888,47.58026
2023-07-23,Hungary,Daniel Ricciardo,RIC,ricciardo,3,Australian,1989-07-01,AlphaTauri Honda RBPT,13,13.0,Finished,69,+1 lap,lapped,0,No,1:23.934,Lapped,4.381,1986,19.245888,47.58026
2023-07-23,Hungary,Nico Hulkenberg,HUL,hulkenberg,27,German,1987-08-19,Haas Ferrari,10,14.0,Finished,69,+1 lap,lapped,0,No,1:23.573,Lapped,4.381,1986,19.245888,47.58026
2023-07-23,Hungary,Yuki Tsunoda,TSU,tsunoda,22,Japanese,2000-05-11,AlphaTauri Honda RBPT,17,15.0,Finished,69,+1 lap,lapped,0,No,1:23.269,Lapped,4.381,1986,19.245888,47.58026
2023-07-23,Hungary,Guanyu Zhou,ZHO,zhou,24,Chinese,1999-05-30,Alfa Romeo Ferrari,5,16.0,Finished,69,+1 lap,lapped,0,No,1:23.743,Lapped,4.381,1986,19.245888,47.58026
2023-07-23,Hungary,Kevin Magnussen,MAG,kevin_magnussen,20,Danish,1992-10-05,Haas Ferrari,19,17.0,Finished,69,+1 lap,lapped,0,No,1:23.864,Lapped,4.381,1986,19.245888,47.58026
2023-07-23,Hungary,Logan Sargeant,SAR,sargeant,2,American,2000-12-31,Williams Mercedes,20,18.0,Finished,67,DNF,dnf_dns,0,No,1:23.496,Retired,4.381,1986,19.245888,47.58026
2023-07-23,Hungary,Esteban Ocon,OCO,ocon,31,French,1996-09-17,Alpine Renault,12,,NC,2,DNF,dnf_dns,0,No,,Retired,4.381,1986,19.245888,47.58026
2023-07-23,Hungary,Pierre Gasly,GAS,gasly,10,French,1996-02-07,Alpine Renault,15,,NC,1,DNF,dnf_dns,0,No,,Retired,4.381,1986,19.245888,47.58026
2023-07-30,Belgium,Max Verstappen,VER,max_verstappen,1,Dutch,1997-09-30,Red Bull Racing Honda RBPT,6,1.0,Finished,44,1:22:30.450,winner_time,25,No,1:48.922,Finished,7.004,1925,5.96502,50.444251
2023-07-30,Belgium,Sergio Perez,PER,perez,11,Mexican,1990-01-26,Red Bull Racing Honda RBPT,2,2.0,Finished,44,+22.305,gap_to_winner,18,No,1:50.308,Finished,7.004,1925,5.96502,50.444251
2023-07-30,Belgium,Charles Leclerc,LEC,leclerc,16,Monegasque,1997-10-16,Ferrari,1,3.0,Finished,44,+32.259,gap_to_winner,15,No,1:50.436,Finished,7.004,1925,5.96502,50.444251
2023-07-30,Belgium,Lewis Hamilton,HAM,hamilton,44,British,1985-01-07,Mercedes,3,4.0,Finished,44,+49.671,gap_to_winner,13,Yes,1:47.305,Finished,7.004,1925,5.96502,50.444251
2023-07-30,Belgium,Fernando Alonso,ALO,alonso,14,Spanish,1981-07-29,Aston Martin Aramco Mercedes,9,5.0,Finished,44,+56.184,gap_to_winner,10,No,1:50.938,Finished,7.004,1925,5.96502,50.444251
2023-07-30,Belgium,George Russell,RUS,russell,63,British,1998-02-15,Mercedes,8,6.0,Finished,44,+63.101,gap_to_winner,8,No,1:50.603,Finished,7.004,1925,5.96502,50.444251
2023-07-30,Belgium,Lando Norris,NOR,norris,4,British,1999-11-13,McLaren Mercedes,7,7.0,Finished,44,+73.719,gap_to_winner,6,No,1:51.682,Finished,7.004,1925,5.96502,50.444251
2023-07-30,Belgium,Esteban Ocon,OCO,ocon,31,French,1996-09-17,Alpine Renault,14,8.0,Finished,44,+74.719,gap_to_winner,4,No,1:50.439,Finished,7.004,1925,5.96502,50.444251
2023-07-30,Belgium,Lance Stroll,STR,stroll,18,Canadian,1998-10-29,Aston Martin Aramco Mercedes,10,9.0,Finished,44,+79.340,gap_to_winner,2,No,1:51.297,Finished,7.004,1925,5.96502,50.444251
2023-07-30,Belgium,Yuki Tsunoda,TSU,tsunoda,22,Japanese,2000-05-11,AlphaTauri Honda RBPT,11,10.0,Finished,44,+80.221,gap_to_winner,1,No,1:51.394,Finished,7.004,1925,5.96502,50.444251
2023-07-30,Belgium,Pierre Gasly,GAS,gasly,10,French,1996-02-07,Alpine Renault,12,11.0,Finished,44,+83.084,gap_to_winner,0,No,1:50.911,Finished,7.004,1925,5.96502,50.444251
2023-07-30,Belgium,Valtteri Bottas,BOT,bottas,77,Finnish,1989-08-28,Alfa Romeo Ferrari,13,12.0,Finished,44,+85.191,gap_to_winner,0,No,1:50.515,Finished,7.004,1925,5.96502,50.444251
2023-07-30,Belgium,Guanyu Zhou,ZHO,zhou,24,Chinese,1999-05-30,Alfa Romeo Ferrari,17,13.0,Finished,44,+95.441,gap_to_winner,0,No,1:50.188,Finished,7.004,1925,5.96502,50.444251
2023-07-30,Belgium,Alexander Albon,ALB,albon,23,Thai,1996-03-23,Williams Mercedes,15,14.0,Finished,44,+96.184,gap_to_winner,0,No,1:49.841,Finished,7.004,1925,5.96502,50.444251
2023-07-30,Belgium,Kevin Magnussen,MAG,kevin_magnussen,20,Danish,1992-10-05,Haas Ferrari,16,15.0,Finished,44,+101.754,gap_to_winner,0,No,1:50.993,Finished,7.004,1925,5.96502,50.444251
2023-07-30,Belgium,Daniel Ricciardo,RIC,ricciardo,3,Australian,1989-07-01,AlphaTauri Honda RBPT,19,16.0,Finished,44,+103.071,gap_to_winner,0,No,1:50.994,Finished,7.004,1925,5.96502,50.444251
2023-07-30,Belgium,Logan Sargeant,SAR,sargeant,2,American,2000-12-31,Williams Mercedes,18,17.0,Finished,44,+104.476,gap_to_winner,0,No,1:50.486,Finished,7.004,1925,5.96502,50.444251
2023-07-30,Belgium,Nico Hulkenberg,HUL,hulkenberg,27,German,1987-08-19,Haas Ferrari,20,18.0,Finished,44,+110.450,gap_to_winner,0,No,1:49.907,Finished,7.004,1925,5.96502,50.444251
2023-07-30,Belgium,Carlos Sainz,SAI,sainz,55,Spanish,1994-09-01,Ferrari,4,,NC,23,DNF,dnf_dns,0,No,1:53.138,Retired,7.004,1925,5.96502,50.444251
2023-07-30,Belgium,Oscar Piastri,PIA,piastri,81,Australian,2001-04-06,McLaren Mercedes,5,,NC,0,DNF,dnf_dns,0,No,,Retired,7.004,1925,5.96502,50.444251
2023-08-27,Netherlands,Max Verstappen,VER,max_verstappen,1,Dutch,1997-09-30,Red Bull Racing Honda RBPT,1,1.0,Finished,72,2:24:04.411,winner_time,25,No,1:13.889,Finished,4.259,1948,4.540491,52.388408
2023-08-27,Netherlands,Fernando Alonso,ALO,alonso,14,Spanish,1981-07-29,Aston Martin Aramco Mercedes,5,2.0,Finished,72,+3.744,gap_to_winner,19,Yes,1:13.837,Finished,4.259,1948,4.540491,52.388408
2023-08-27,Netherlands,Pierre Gasly,GAS,gasly,10,French,1996-02-07,Alpine Renault,12,3.0,Finished,72,+7.058,gap_to_winner,15,No,1:14.441,Finished,4.259,1948,4.540491,52.388408
2023-08-27,Netherlands,Sergio Perez,PER,perez,11,Mexican,1990-01-26,Red Bull Racing Honda RBPT,7,4.0,Finished,72,+10.068,gap_to_winner,12,No,1:14.231,Finished,4.259,1948,4.540491,52.388408
2023-08-27,Netherlands,Carlos Sainz,SAI,sainz,55,Spanish,1994-09-01,Ferrari,6,5.0,Finished,72,+12.541,gap_to_winner,10,No,1:14.934,Finished,4.259,1948,4.540491,52.388408
2023-08-27,Netherlands,Lewis Hamilton,HAM,hamilton,44,British,1985-01-07,Mercedes,13,6.0,Finished,72,+13.209,gap_to_winner,8,No,1:13.904,Finished,4.259,1948,4.540491,52.388408
2023-08-27,Netherlands,Lando Norris,NOR,norris,4,British,1999-11-13,McLaren Mercedes,2,7.0,Finished,72,+13.232,gap_to_winner,6,No,1:14.390,Finished,4.259,1948,4.540491,52.388408
2023-08-27,Netherlands,Alexander Albon,ALB,albon,23,Thai,1996-03-23,Williams Mercedes,4,8.0,Finished,72,+15.155,gap_to_winner,4,No,1:14.468,Finished,4.259,1948,4.540491,52.388408
2023-08-27,Netherlands,Oscar Piastri,PIA,piastri,81,Australian,2001-04-06,McLaren Mercedes,8,9.0,Finished,72,+16.580,gap_to_winner,2,No,1:14.299,Finished,4.259,1948,4.540491,52.388408
2023-08-27,Netherlands,Esteban Ocon,OCO,ocon,31,French,1996-09-17,Alpine Renault,16,10.0,Finished,72,+18.346,gap_to_winner,1,No,1:14.570,Finished,4.259,1948,4.540491,52.388408
2023-08-27,Netherlands,Lance Stroll,STR,stroll,18,Canadian,1998-10-29,Aston Martin Aramco Mercedes,11,11.0,Finished,72,+20.087,gap_to_winner,0,No,1:15.171,Finished,4.259,1948,4.540491,52.388408
2023-08-27,Netherlands,Nico Hulkenberg,HUL,hulkenberg,27,German,1987-08-19,Haas Ferrari,14,12.0,Finished,72,+20.840,gap_to_winner,0,No,1:14.472,Finished,4.259,1948,4.540491,52.388408
2023-08-27,Netherlands,Liam Lawson,LAW,lawson,40,New Zealander,2002-02-11,AlphaTauri Honda RBPT,19,13.0,Finished,72,+26.147,gap_to_winner,0,No,1:14.820,Finished,4.259,1948,4.540491,52.388408
2023-08-27,Netherlands,Valtteri Bottas,BOT,bottas,77,Finnish,1989-08-28,Alfa Romeo Ferrari,18,14.0,Finished,72,+27.388,gap_to_winner,0,No,1:14.698,Finished,4.259,1948,4.540491,52.388408
2023-08-27,Netherlands,Yuki Tsunoda,TSU,tsunoda,22,Japanese,2000-05-11,AlphaTauri Honda RBPT,17,15.0,Finished,72,+29.893,gap_to_winner,0,No,1:16.253,Finished,4.259,1948,4.540491,52.388408
2023-08-27,Netherlands,Kevin Magnussen,MAG,kevin_magnussen,20,Danish,1992-10-05,Haas Ferrari,20,16.0,Finished,72,+31.410,gap_to_winner,0,No,1:15.489,Finished,4.259,1948,4.540491,52.388408
2023-08-27,Netherlands,George Russell,RUS,russell,63,British,1998-02-15,Mercedes,3,17.0,Finished,72,+55.754,gap_to_winner,0,No,1:15.124,Finished,4.259,1948,4.540491,52.388408
2023-08-27,Netherlands,Guanyu Zhou,ZHO,zhou,24,Chinese,1999-05-30,Alfa Romeo Ferrari,15,,NC,62,DNF,dnf_dns,0,No,1:15.417,Accident,4.259,1948,4.540491,52.388408
2023-08-27,Netherlands,Charles Leclerc,LEC,leclerc,16,Monegasque,1997-10-16,Ferrari,9,,NC,41,DNF,dnf_dns,0,No,1:17.277,Undertray,4.259,1948,4.540491,52.388408
2023-08-27,Netherlands,Logan Sargeant,SAR,sargeant,2,American,2000-12-31,Williams Mercedes,10,,NC,14,DNF,dnf_dns,0,No,1:17.399,Accident,4.259,1948,4.540491,52.388408
2023-09-03,Italy,Max Verstappen,VER,max_verstappen,1,Dutch,1997-09-30,Red Bull Racing Honda RBPT,2,1.0,Finished,51,1:13:41.143,winner_time,25,No,1:25.240,Finished,5.793,1922,9.281223,45.618975
2023-09-03,Italy,Sergio Perez,PER,perez,11,Mexican,1990-01-26,Red Bull Racing Honda RBPT,5,2.0,Finished,51,+6.064,gap_to_winner,18,No,1:25.522,Finished,5.793,1922,9.281223,45.618975
2023-09-03,Italy,Carlos Sainz,SAI,sainz,55,Spanish,1994-09-01,Ferrari,1,3.0,Finished,51,+11.193,gap_to_winner,15,No,1:25.501,Finished,5.793,1922,9.281223,45.618975
2023-09-03,Italy,Charles Leclerc,LEC,leclerc,16,Monegasque,1997-10-16,Ferrari,3,4.0,Finished,51,+11.377,gap_to_winner,12,No,1:25.580,Finished,5.793,1922,9.281223,45.618975
2023-09-03,Italy,George Russell,RUS,russell,63,British,1998-02-15,Mercedes,4,5.0,Finished,51,+23.028,gap_to_winner,10,No,1:25.847,Finished,5.793,1922,9.281223,45.618975
2023-09-03,Italy,Lewis Hamilton,HAM,hamilton,44,British,1985-01-07,Mercedes,8,6.0,Finished,51,+42.679,gap_to_winner,8,No,1:25.582,Finished,5.793,1922,9.281223,45.618975
2023-09-03,Italy,Alexander Albon,ALB,albon,23,Thai,1996-03-23,Williams Mercedes,6,7.0,Finished,51,+45.106,gap_to_winner,6,No,1:26.389,Finished,5.793,1922,9.281223,45.618975
2023-09-03,Italy,Lando Norris,NOR,norris,4,British,1999-11-13,McLaren Mercedes,9,8.0,Finished,51,+45.449,gap_to_winner,4,No,1:26.144,Finished,5.793,1922,9.281223,45.618975
2023-09-03,Italy,Fernando Alonso,ALO,alonso,14,Spanish,1981-07-29,Aston Martin Aramco Mercedes,10,9.0,Finished,51,+46.294,gap_to_winner,2,No,1:26.105,Finished,5.793,1922,9.281223,45.618975
2023-09-03,Italy,Valtteri Bottas,BOT,bottas,77,Finnish,1989-08-28,Alfa Romeo Ferrari,14,10.0,Finished,51,+64.056,gap_to_winner,1,No,1:25.988,Finished,5.793,1922,9.281223,45.618975
2023-09-03,Italy,Liam Lawson,LAW,lawson,40,New Zealander,2002-02-11,AlphaTauri Honda RBPT,12,11.0,Finished,51,+70.638,gap_to_winner,0,No,1:25.842,Finished,5.793,1922,9.281223,45.618975
2023-09-03,Italy,Oscar Piastri,PIA,piastri,81,Australian,2001-04-06,McLaren Mercedes,7,12.0,Finished,51,+73.074,gap_to_winner,0,Yes,1:25.072,Finished,5.793,1922,9.281223,45.618975
2023-09-03,Italy,Logan Sargeant,SAR,sargeant,2,American,2000-12-31,Williams Mercedes,15,13.0,Finished,51,+78.557,gap_to_winner,0,No,1:26.840,Finished,5.793,1922,9.281223,45.618975
2023-09-03,Italy,Guanyu Zhou,ZHO,zhou,24,Chinese,1999-05-30,Alfa Romeo Ferrari,16,14.0,Finished,51,+80.164,gap_to_winner,0,No,1:25.983,Finished,5.793,1922,9.281223,45.618975
2023-09-03,Italy,Pierre Gasly,GAS,gasly,10,French,1996-02-07,Alpine Renault,17,15.0,Finished,51,+82.510,gap_to_winner,0,No,1:25.758,Finished,5.793,1922,9.281223,45.618975
2023-09-03,Italy,Lance Stroll,STR,stroll,18,Canadian,1998-10-29,Aston Martin Aramco Mercedes,20,16.0,Finished,51,+87.266,gap_to_winner,0,No,1:26.617,Finished,5.793,1922,9.281223,45.618975
2023-09-03,Italy,Nico Hulkenberg,HUL,hulkenberg,27,German,1987-08-19,Haas Ferrari,13,17.0,Finished,50,+1 lap,lapped,0,No,1:25.894,Lapped,5.793,1922,9.281223,45.618975
2023-09-03,Italy,Kevin Magnussen,MAG,kevin_magnussen,20,Danish,1992-10-05,Haas Ferrari,19,18.0,Finished,50,+1 lap,lapped,0,No,1:26.278,Lapped,5.793,1922,9.281223,45.618975
2023-09-03,Italy,Esteban Ocon,OCO,ocon,31,French,1996-09-17,Alpine Renault,18,,NC,39,DNF,dnf_dns,0,No,1:26.963,Retired,5.793,1922,9.281223,45.618975
2023-09-03,Italy,Yuki Tsunoda,TSU,tsunoda,22,Japanese,2000-05-11,AlphaTauri Honda RBPT,11,,NC,0,DNS,dnf_dns,0,No,,Did not start,5.793,1922,9.281223,45.618975
2023-09-17,Singapore,Carlos Sainz,SAI,sainz,55,Spanish,1994-09-01,Ferrari,1,1.0,Finished,62,1:46:37.418,winner_time,25,No,1:37.666,Finished,4.928,2008,103.864144,1.291728
2023-09-17,Singapore,Lando Norris,NOR,norris,4,British,1999-11-13,McLaren Mercedes,4,2.0,Finished,62,+0.812,gap_to_winner,18,No,1:38.046,Finished,4.928,2008,103.864144,1.291728
2023-09-17,Singapore,Lewis Hamilton,HAM,hamilton,44,British,1985-01-07,Mercedes,5,3.0,Finished,62,+1.269,gap_to_winner,16,Yes,1:35.867,Finished,4.928,2008,103.864144,1.291728
2023-09-17,Singapore,Charles Leclerc,LEC,leclerc,16,Monegasque,1997-10-16,Ferrari,3,4.0,Finished,62,+21.177,gap_to_winner,12,No,1:38.275,Finished,4.928,2008,103.864144,1.291728
2023-09-17,Singapore,Max Verstappen,VER,max_verstappen,1,Dutch,1997-09-30,Red Bull Racing Honda RBPT,11,5.0,Finished,62,+21.441,gap_to_winner,10,No,1:36.575,Finished,4.928,2008,103.864144,1.291728
2023-09-17,Singapore,Pierre Gasly,GAS,gasly,10,French,1996-02-07,Alpine Renault,12,6.0,Finished,62,+38.441,gap_to_winner,8,No,1:38.277,Finished,4.928,2008,103.864144,1.291728
2023-09-17,Singapore,Oscar Piastri,PIA,piastri,81,Australian,2001-04-06,McLaren Mercedes,17,7.0,Finished,62,+41.479,gap_to_winner,6,No,1:38.492,Finished,4.928,2008,103.864144,1.291728
2023-09-17,Singapore,Sergio Perez,PER,perez,11,Mexican,1990-01-26,Red Bull Racing Honda RBPT,13,8.0,Finished,62,+54.534,gap_to_winner,4,No,1:37.108,Finished,4.928,2008,103.864144,1.291728
2023-09-17,Singapore,Liam Lawson,LAW,lawson,40,New Zealander,2002-02-11,AlphaTauri Honda RBPT,10,9.0,Finished,62,+65.918,gap_to_winner,2,No,1:39.028,Finished,4.928,2008,103.864144,1.291728
2023-09-17,Singapore,Kevin Magnussen,MAG,kevin_magnussen,20,Danish,1992-10-05,Haas Ferrari,6,10.0,Finished,62,+72.116,gap_to_winner,1,No,1:38.107,Finished,4.928,2008,103.864144,1.291728
2023-09-17,Singapore,Alexander Albon,ALB,albon,23,Thai,1996-03-23,Williams Mercedes,14,11.0,Finished,62,+73.417,gap_to_winner,0,No,1:37.342,Finished,4.928,2008,103.864144,1.291728
2023-09-17,Singapore,Guanyu Zhou,ZHO,zhou,24,Chinese,1999-05-30,Alfa Romeo Ferrari,19,12.0,Finished,62,+83.649,gap_to_winner,0,No,1:39.316,Finished,4.928,2008,103.864144,1.291728
2023-09-17,Singapore,Nico Hulkenberg,HUL,hulkenberg,27,German,1987-08-19,Haas Ferrari,9,13.0,Finished,62,+85.201,gap_to_winner,0,No,1:39.923,Finished,4.928,2008,103.864144,1.291728
2023-09-17,Singapore,Logan Sargeant,SAR,sargeant,2,American,2000-12-31,Williams Mercedes,18,14.0,Finished,62,+86.889,gap_to_winner,0,No,1:38.531,Finished,4.928,2008,103.864144,1.291728
2023-09-17,Singapore,Fernando Alonso,ALO,alonso,14,Spanish,1981-07-29,Aston Martin Aramco Mercedes,7,15.0,Finished,62,+87.603,gap_to_winner,0,No,1:36.456,Finished,4.928,2008,103.864144,1.291728
2023-09-17,Singapore,George Russell,RUS,russell,63,British,1998-02-15,Mercedes,2,16.0,Finished,61,DNF,dnf_dns,0,No,1:36.273,Retired,4.928,2008,103.864144,1.291728
2023-09-17,Singapore,Valtteri Bottas,BOT,bottas,77,Finnish,1989-08-28,Alfa Romeo Ferrari,16,,NC,51,DNF,dnf_dns,0,No,1:38.075,Retired,4.928,2008,103.864144,1.291728
2023-09-17,Singapore,Esteban Ocon,OCO,ocon,31,French,1996-09-17,Alpine Renault,8,,NC,42,DNF,dnf_dns,0,No,1:39.930,Retired,4.928,2008,103.864144,1.291728
2023-09-17,Singapore,Yuki Tsunoda,TSU,tsunoda,22,Japanese,2000-05-11,AlphaTauri Honda RBPT,15,,NC,0,DNF,dnf_dns,0,No,,Retired,4.928,2008,103.864144,1.291728
2023-09-17,Singapore,Lance Stroll,STR,stroll,18,Canadian,1998-10-29,Aston Martin Aramco Mercedes,20,,NC,0,DNS,dnf_dns,0,No,,Withdrew,4.928,2008,103.864144,1.291728
2023-09-24,Japan,Max Verstappen,VER,max_verstappen,1,Dutch,1997-09-30,Red Bull Racing Honda RBPT,1,1.0,Finished,53,1:30:58.421,winner_time,26,Yes,1:34.183,Finished,5.807,1962,136.540283,34.843344
2023-09-24,Japan,Lando Norris,NOR,norris,4,British,1999-11-13,McLaren Mercedes,3,2.0,Finished,53,+19.387,gap_to_winner,18,No,1:35.247,Finished,5.807,1962,136.540283,34.843344
2023-09-24,Japan,Oscar Piastri,PIA,piastri,81,Australian,2001-04-06,McLaren Mercedes,2,3.0,Finished,53,+36.494,gap_to_winner,15,No,1:36.328,Finished,5.807,1962,136.540283,34.843344
2023-09-24,Japan,Charles Leclerc,LEC,leclerc,16,Monegasque,1997-10-16,Ferrari,4,4.0,Finished,53,+43.998,gap_to_winner,12,No,1:36.362,Finished,5.807,1962,136.540283,34.843344
2023-09-24,Japan,Lewis Hamilton,HAM,hamilton,44,British,1985-01-07,Mercedes,7,5.0,Finished,53,+49.376,gap_to_winner,10,No,1:35.611,Finished,5.807,1962,136.540283,34.843344
2023-09-24,Japan,Carlos Sainz,SAI,sainz,55,Spanish,1994-09-01,Ferrari,6,6.0,Finished,53,+50.221,gap_to_winner,8,No,1:36.187,Finished,5.807,1962,136.540283,34.843344
2023-09-24,Japan,George Russell,RUS,russell,63,British,1998-02-15,Mercedes,8,7.0,Finished,53,+57.659,gap_to_winner,6,No,1:37.653,Finished,5.807,1962,136.540283,34.843344
2023-09-24,Japan,Fernando Alonso,ALO,alonso,14,Spanish,1981-07-29,Aston Martin Aramco Mercedes,10,8.0,Finished,53,+74.725,gap_to_winner,4,No,1:37.203,Finished,5.807,1962,136.540283,34.843344
2023-09-24,Japan,Esteban Ocon,OCO,ocon,31,French,1996-09-17,Alpine Renault,14,9.0,Finished,53,+79.678,gap_to_winner,2,No,1:37.398,Finished,5.807,1962,136.540283,34.843344
2023-09-24,Japan,Pierre Gasly,GAS,gasly,10,French,1996-02-07,Alpine Renault,12,10.0,Finished,53,+83.155,gap_to_winner,1,No,1:36.371,Finished,5.807,1962,136.540283,34.843344
2023-09-24,Japan,Liam Lawson,LAW,lawson,40,New Zealander,2002-02-11,AlphaTauri Honda RBPT,11,11.0,Finished,52,+1 lap,lapped,0,No,1:38.267,Lapped,5.807,1962,136.540283,34.843344
2023-09-24,Japan,Yuki Tsunoda,TSU,tsunoda,22,Japanese,2000-05-11,AlphaTauri Honda RBPT,9,12.0,Finished,52,+1 lap,lapped,0,No,1:37.768,Lapped,5.807,1962,136.540283,34.843344
2023-09-24,Japan,Guanyu Zhou,ZHO,zhou,24,Chinese,1999-05-30,Alfa Romeo Ferrari,19,13.0,Finished,52,+1 lap,lapped,0,No,1:37.791,Lapped,5.807,1962,136.540283,34.843344
2023-09-24,Japan,Nico Hulkenberg,HUL,hulkenberg,27,German,1987-08-19,Haas Ferrari,18,14.0,Finished,52,+1 lap,lapped,0,No,1:37.250,Lapped,5.807,1962,136.540283,34.843344
2023-09-24,Japan,Kevin Magnussen,MAG,kevin_magnussen,20,Danish,1992-10-05,Haas Ferrari,15,15.0,Finished,52,+1 lap,lapped,0,No,1:37.842,Lapped,5.807,1962,136.540283,34.843344
2023-09-24,Japan,Alexander Albon,ALB,albon,23,Thai,1996-03-23,Williams Mercedes,13,,NC,26,DNF,dnf_dns,0,No,1:39.185,Retired,5.807,1962,136.540283,34.843344
2023-09-24,Japan,Logan Sargeant,SAR,sargeant,2,American,2000-12-31,Williams Mercedes,20,,NC,22,DNF,dnf_dns,0,No,1:38.848,Retired,5.807,1962,136.540283,34.843344
2023-09-24,Japan,Lance Stroll,STR,stroll,18,Canadian,1998-10-29,Aston Martin Aramco Mercedes,17,,NC,20,DNF,dnf_dns,0,No,1:39.050,Retired,5.807,1962,136.540283,34.843344
2023-09-24,Japan,Sergio Perez,PER,perez,11,Mexican,1990-01-26,Red Bull Racing Honda RBPT,5,,NC,15,DNF,dnf_dns,0,No,1:39.704,Retired,5.807,1962,136.540283,34.843344
2023-09-24,Japan,Valtteri Bottas,BOT,bottas,77,Finnish,1989-08-28,Alfa Romeo Ferrari,16,,NC,7,DNF,dnf_dns,0,No,2:02.755,Retired,5.807,1962,136.540283,34.843344
2023-10-08,Qatar,Max Verstappen,VER,max_verstappen,1,Dutch,1997-09-30,Red Bull Racing Honda RBPT,1,1.0,Finished,57,1:27:39.168,winner_time,26,Yes,1:24.319,Finished,5.38,2004,51.449681,25.489077
2023-10-08,Qatar,Oscar Piastri,PIA,piastri,81,Australian,2001-04-06,McLaren Mercedes,6,2.0,Finished,57,+4.833,gap_to_winner,18,No,1:24.921,Finished,5.38,2004,51.449681,25.489077
2023-10-08,Qatar,Lando Norris,NOR,norris,4,British,1999-11-13,McLaren Mercedes,10,3.0,Finished,57,+5.969,gap_to_winner,15,No,1:24.842,Finished,5.38,2004,51.449681,25.489077
2023-10-08,Qatar,George Russell,RUS,russell,63,British,1998-02-15,Mercedes,2,4.0,Finished,57,+34.119,gap_to_winner,12,No,1:25.770,Finished,5.38,2004,51.449681,25.489077
2023-10-08,Qatar,Charles Leclerc,LEC,leclerc,16,Monegasque,1997-10-16,Ferrari,5,5.0,Finished,57,+38.976,gap_to_winner,10,No,1:24.992,Finished,5.38,2004,51.449681,25.489077
2023-10-08,Qatar,Fernando Alonso,ALO,alonso,14,Spanish,1981-07-29,Aston Martin Aramco Mercedes,4,6.0,Finished,57,+49.032,gap_to_winner,8,No,1:26.045,Finished,5.38,2004,51.449681,25.489077
2023-10-08,Qatar,Esteban Ocon,OCO,ocon,31,French,1996-09-17,Alpine Renault,8,7.0,Finished,57,+62.390,gap_to_winner,6,No,1:26.450,Finished,5.38,2004,51.449681,25.489077
2023-10-08,Qatar,Valtteri Bottas,BOT,bottas,77,Finnish,1989-08-28,Alfa Romeo Ferrari,9,8.0,Finished,57,+66.563,gap_to_winner,4,No,1:26.652,Finished,5.38,2004,51.449681,25.489077
2023-10-08,Qatar,Guanyu Zhou,ZHO,zhou,24,Chinese,1999-05-30,Alfa Romeo Ferrari,19,9.0,Finished,57,+76.127,gap_to_winner,2,No,1:26.323,Finished,5.38,2004,51.449681,25.489077
2023-10-08,Qatar,Sergio Perez,PER,perez,11,Mexican,1990-01-26,Red Bull Racing Honda RBPT,20,10.0,Finished,57,+80.181,gap_to_winner,1,No,1:26.220,Finished,5.38,2004,51.449681,25.489077
2023-10-08,Qatar,Lance Stroll,STR,stroll,18,Canadian,1998-10-29,Aston Martin Aramco Mercedes,16,11.0,Finished,57,+81.652,gap_to_winner,0,No,1:26.352,Finished,5.38,2004,51.449681,25.489077
2023-10-08,Qatar,Pierre Gasly,GAS,gasly,10,French,1996-02-07,Alpine Renault,7,12.0,Finished,57,+82.300,gap_to_winner,0,No,1:26.310,Finished,5.38,2004,51.449681,25.489077
2023-10-08,Qatar,Alexander Albon,ALB,albon,23,Thai,1996-03-23,Williams Mercedes,13,13.0,Finished,57,+91.014,gap_to_winner,0,No,1:26.666,Finished,5.38,2004,51.449681,25.489077
2023-10-08,Qatar,Kevin Magnussen,MAG,kevin_magnussen,20,Danish,1992-10-05,Haas Ferrari,18,14.0,Finished,56,+1 lap,lapped,0,No,1:27.067,Lapped,5.38,2004,51.449681,25.489077
2023-10-08,Qatar,Yuki Tsunoda,TSU,tsunoda,22,Japanese,2000-05-11,AlphaTauri Honda RBPT,11,15.0,Finished,56,+1 lap,lapped,0,No,1:27.174,Lapped,5.38,2004,51.449681,25.489077
2023-10-08,Qatar,Nico Hulkenberg,HUL,hulkenberg,27,German,1987-08-19,Haas Ferrari,14,16.0,Finished,56,+1 lap,lapped,0,No,1:26.499,Lapped,5.38,2004,51.449681,25.489077
2023-10-08,Qatar,Liam Lawson,LAW,lawson,40,New Zealander,2002-02-11,AlphaTauri Honda RBPT,17,17.0,Finished,56,+1 lap,lapped,0,No,1:27.113,Lapped,5.38,2004,51.449681,25.489077
2023-10-08,Qatar,Logan Sargeant,SAR,sargeant,2,American,2000-12-31,Williams Mercedes,15,,NC,40,DNF,dnf_dns,0,No,1:27.983,Retired,5.38,2004,51.449681,25.489077
2023-10-08,Qatar,Lewis Hamilton,HAM,hamilton,44,British,1985-01-07,Mercedes,3,,NC,0,DNF,dnf_dns,0,No,,Retired,5.38,2004,51.449681,25.489077
2023-10-08,Qatar,Carlos Sainz,SAI,sainz,55,Spanish,1994-09-01,Ferrari,12,,NC,0,DNS,dnf_dns,0,No,,Did not start,5.38,2004,51.449681,25.489077
2023-10-22,United States,Max Verstappen,VER,max_verstappen,1,Dutch,1997-09-30,Red Bull Racing Honda RBPT,6,1.0,Finished,56,1:35:21.362,winner_time,25,No,1:40.028,Finished,5.514,2012,-97.639651,30.13176
2023-10-22,United States,Lewis Hamilton,HAM,hamilton,44,British,1985-01-07,Mercedes,3,,DQ,56,+2.225,gap_to_winner,0,No,1:39.582,Disqualified,5.514,2012,-97.639651,30.13176
2023-10-22,United States,Lando Norris,NOR,norris,4,British,1999-11-13,McLaren Mercedes,2,2.0,Finished,56,+10.730,gap_to_winner,18,No,1:39.985,Finished,5.514,2012,-97.639651,30.13176
2023-10-22,United States,Carlos Sainz,SAI,sainz,55,Spanish,1994-09-01,Ferrari,4,3.0,Finished,56,+15.134,gap_to_winner,15,No,1:40.034,Finished,5.514,2012,-97.639651,30.13176
2023-10-22,United States,Sergio Perez,PER,perez,11,Mexican,1990-01-26,Red Bull Racing Honda RBPT,9,4.0,Finished,56,+18.460,gap_to_winner,12,No,1:39.737,Finished,5.514,2012,-97.639651,30.13176
2023-10-22,United States,Charles Leclerc,LEC,leclerc,16,Monegasque,1997-10-16,Ferrari,1,,DQ,56,+24.662,gap_to_winner,0,No,1:41.025,Disqualified,5.514,2012,-97.639651,30.13176
2023-10-22,United States,George Russell,RUS,russell,63,British,1998-02-15,Mercedes,5,5.0,Finished,56,+24.999,gap_to_winner,10,No,1:39.393,Finished,5.514,2012,-97.639651,30.13176
2023-10-22,United States,Pierre Gasly,GAS,gasly,10,French,1996-02-07,Alpine Renault,7,6.0,Finished,56,+47.996,gap_to_winner,8,No,1:40.412,Finished,5.514,2012,-97.639651,30.13176
2023-10-22,United States,Lance Stroll,STR,stroll,18,Canadian,1998-10-29,Aston Martin Aramco Mercedes,20,7.0,Finished,56,+48.696,gap_to_winner,6,No,1:39.908,Finished,5.514,2012,-97.639651,30.13176
2023-10-22,United States,Yuki Tsunoda,TSU,tsunoda,22,Japanese,2000-05-11,AlphaTauri Honda RBPT,11,8.0,Finished,56,+74.385,gap_to_winner,5,Yes,1:38.139,Finished,5.514,2012,-97.639651,30.13176
2023-10-22,United States,Alexander Albon,ALB,albon,23,Thai,1996-03-23,Williams Mercedes,15,9.0,Finished,56,+86.714,gap_to_winner,2,No,1:41.371,Finished,5.514,2012,-97.639651,30.13176
2023-10-22,United States,Logan Sargeant,SAR,sargeant,2,American,2000-12-31,Williams Mercedes,16,10.0,Finished,56,+87.998,gap_to_winner,1,No,1:41.238,Finished,5.514,2012,-97.639651,30.13176
2023-10-22,United States,Nico Hulkenberg,HUL,hulkenberg,27,German,1987-08-19,Haas Ferrari,18,11.0,Finished,56,+89.904,gap_to_winner,0,No,1:40.925,Finished,5.514,2012,-97.639651,30.13176
2023-10-22,United States,Valtteri Bottas,BOT,bottas,77,Finnish,1989-08-28,Alfa Romeo Ferrari,13,12.0,Finished,56,+98.601,gap_to_winner,0,No,1:41.972,Finished,5.514,2012,-97.639651,30.13176
2023-10-22,United States,Guanyu Zhou,ZHO,zhou,24,Chinese,1999-05-30,Alfa Romeo Ferrari,12,13.0,Finished,55,+1 lap,lapped,0,No,1:41.879,Lapped,5.514,2012,-97.639651,30.13176
2023-10-22,United States,Kevin Magnussen,MAG,kevin_magnussen,20,Danish,1992-10-05,Haas Ferrari,17,14.0,Finished,55,+1 lap,lapped,0,No,1:41.506,Lapped,5.514,2012,-97.639651,30.13176
2023-10-22,United States,Daniel Ricciardo,RIC,ricciardo,3,Australian,1989-07-01,AlphaTauri Honda RBPT,14,15.0,Finished,55,+1 lap,lapped,0,No,1:39.366,Lapped,5.514,2012,-97.639651,30.13176
2023-10-22,United States,Fernando Alonso,ALO,alonso,14,Spanish,1981-07-29,Aston Martin Aramco Mercedes,19,,NC,49,DNF,dnf_dns,0,No,1:39.954,Retired,5.514,2012,-97.639651,30.13176
2023-10-22,United States,Oscar Piastri,PIA,piastri,81,Australian,2001-04-06,McLaren Mercedes,10,,NC,10,DNF,dnf_dns,0,No,1:42.705,Retired,5.514,2012,-97.639651,30.13176
2023-10-22,United States,Esteban Ocon,OCO,ocon,31,French,1996-09-17,Alpine Renault,8,,NC,6,DNF,dnf_dns,0,No,1:44.789,Retired,5.514,2012,-97.639651,30.13176
2023-10-29,Mexico,Max Verstappen,VER,max_verstappen,1,Dutch,1997-09-30,Red Bull Racing Honda RBPT,3,1.0,Finished,71,2:02:30.814,winner_time,25,No,1:21.644,Finished,4.304,1962,-99.094338,19.406226
2023-10-29,Mexico,Lewis Hamilton,HAM,hamilton,44,British,1985-01-07,Mercedes,6,2.0,Finished,71,+13.875,gap_to_winner,19,Yes,1:21.334,Finished,4.304,1962,-99.094338,19.406226
2023-10-29,Mexico,Charles Leclerc,LEC,leclerc,16,Monegasque,1997-10-16,Ferrari,1,3.0,Finished,71,+23.124,gap_to_winner,15,No,1:22.332,Finished,4.304,1962,-99.094338,19.406226
2023-10-29,Mexico,Carlos Sainz,SAI,sainz,55,Spanish,1994-09-01,Ferrari,2,4.0,Finished,71,+27.154,gap_to_winner,12,No,1:22.539,Finished,4.304,1962,-99.094338,19.406226
2023-10-29,Mexico,Lando Norris,NOR,norris,4,British,1999-11-13,McLaren Mercedes,17,5.0,Finished,71,+33.266,gap_to_winner,10,No,1:21.944,Finished,4.304,1962,-99.094338,19.406226
2023-10-29,Mexico,George Russell,RUS,russell,63,British,1998-02-15,Mercedes,8,6.0,Finished,71,+41.020,gap_to_winner,8,No,1:22.780,Finished,4.304,1962,-99.094338,19.406226
2023-10-29,Mexico,Daniel Ricciardo,RIC,ricciardo,3,Australian,1989-07-01,AlphaTauri Honda RBPT,4,7.0,Finished,71,+41.570,gap_to_winner,6,No,1:22.679,Finished,4.304,1962,-99.094338,19.406226
2023-10-29,Mexico,Oscar Piastri,PIA,piastri,81,Australian,2001-04-06,McLaren Mercedes,7,8.0,Finished,71,+43.104,gap_to_winner,4,No,1:22.760,Finished,4.304,1962,-99.094338,19.406226
2023-10-29,Mexico,Alexander Albon,ALB,albon,23,Thai,1996-03-23,Williams Mercedes,14,9.0,Finished,71,+48.573,gap_to_winner,2,No,1:22.773,Finished,4.304,1962,-99.094338,19.406226
2023-10-29,Mexico,Esteban Ocon,OCO,ocon,31,French,1996-09-17,Alpine Renault,15,10.0,Finished,71,+62.879,gap_to_winner,1,No,1:22.976,Finished,4.304,1962,-99.094338,19.406226
2023-10-29,Mexico,Pierre Gasly,GAS,gasly,10,French,1996-02-07,Alpine Renault,11,11.0,Finished,71,+66.208,gap_to_winner,0,No,1:23.230,Finished,4.304,1962,-99.094338,19.406226
2023-10-29,Mexico,Yuki Tsunoda,TSU,tsunoda,22,Japanese,2000-05-11,AlphaTauri Honda RBPT,18,12.0,Finished,71,+78.982,gap_to_winner,0,No,1:22.501,Finished,4.304,1962,-99.094338,19.406226
2023-10-29,Mexico,Nico Hulkenberg,HUL,hulkenberg,27,German,1987-08-19,Haas Ferrari,12,13.0,Finished,71,+80.309,gap_to_winner,0,No,1:23.222,Finished,4.304,1962,-99.094338,19.406226
2023-10-29,Mexico,Guanyu Zhou,ZHO,zhou,24,Chinese,1999-05-30,Alfa Romeo Ferrari,10,14.0,Finished,71,+81.676,gap_to_winner,0,No,1:23.567,Finished,4.304,1962,-99.094338,19.406226
2023-10-29,Mexico,Valtteri Bottas,BOT,bottas,77,Finnish,1989-08-28,Alfa Romeo Ferrari,9,15.0,Finished,71,+85.597,gap_to_winner,0,No,1:23.166,Finished,4.304,1962,-99.094338,19.406226
2023-10-29,Mexico,Logan Sargeant,SAR,sargeant,2,American,2000-12-31,Williams Mercedes,19,16.0,Finished,70,DNF,dnf_dns,0,No,1:23.003,Retired,4.304,1962,-99.094338,19.406226
2023-10-29,Mexico,Lance Stroll,STR,stroll,18,Canadian,1998-10-29,Aston Martin Aramco Mercedes,20,17.0,Finished,66,DNF,dnf_dns,0,No,1:23.257,Collision damage,4.304,1962,-99.094338,19.406226
2023-10-29,Mexico,Fernando Alonso,ALO,alonso,14,Spanish,1981-07-29,Aston Martin Aramco Mercedes,13,,NC,47,DNF,dnf_dns,0,No,1:23.531,Withdrew,4.304,1962,-99.094338,19.406226
2023-10-29,Mexico,Kevin Magnussen,MAG,kevin_magnussen,20,Danish,1992-10-05,Haas Ferrari,16,,NC,31,DNF,dnf_dns,0,No,1:23.146,Accident,4.304,1962,-99.094338,19.406226
2023-10-29,Mexico,Sergio Perez,PER,perez,11,Mexican,1990-01-26,Red Bull Racing Honda RBPT,5,,NC,1,DNF,dnf_dns,0,No,,Collision damage,4.304,1962,-99.094338,19.406226
2023-11-05,Brazil,Max Verstappen,VER,max_verstappen,1,Dutch,1997-09-30,Red Bull Racing Honda RBPT,1,1.0,Finished,71,1:56:48.894,winner_time,25,No,1:13.422,Finished,4.309,1940,-46.699905,-23.703744
2023-11-05,Brazil,Lando Norris,NOR,norris,4,British,1999-11-13,McLaren Mercedes,6,2.0,Finished,71,+8.227,gap_to_winner,19,Yes,1:12.486,Finished,4.309,1940,-46.699905,-23.703744
2023-11-05,Brazil,Fernando Alonso,ALO,alonso,14,Spanish,1981-07-29,Aston Martin Aramco Mercedes,4,3.0,Finished,71,+34.155,gap_to_winner,15,No,1:14.442,Finished,4.309,1940,-46.699905,-23.703744
2023-11-05,Brazil,Sergio Perez,PER,perez,11,Mexican,1990-01-26,Red Bull Racing Honda RBPT,9,4.0,Finished,71,+34.208,gap_to_winner,12,No,1:14.124,Finished,4.309,1940,-46.699905,-23.703744
2023-11-05,Brazil,Lance Stroll,STR,stroll,18,Canadian,1998-10-29,Aston Martin Aramco Mercedes,3,5.0,Finished,71,+40.845,gap_to_winner,10,No,1:14.007,Finished,4.309,1940,-46.699905,-23.703744
2023-11-05,Brazil,Carlos Sainz,SAI,sainz,55,Spanish,1994-09-01,Ferrari,7,6.0,Finished,71,+50.188,gap_to_winner,8,No,1:14.406,Finished,4.309,1940,-46.699905,-23.703744
2023-11-05,Brazil,Pierre Gasly,GAS,gasly,10,French,1996-02-07,Alpine Renault,15,7.0,Finished,71,+56.093,gap_to_winner,6,No,1:14.521,Finished,4.309,1940,-46.699905,-23.703744
2023-11-05,Brazil,Lewis Hamilton,HAM,hamilton,44,British,1985-01-07,Mercedes,5,8.0,Finished,71,+62.859,gap_to_winner,4,No,1:14.739,Finished,4.309,1940,-46.699905,-23.703744
2023-11-05,Brazil,Yuki Tsunoda,TSU,tsunoda,22,Japanese,2000-05-11,AlphaTauri Honda RBPT,16,9.0,Finished,71,+69.880,gap_to_winner,2,No,1:14.231,Finished,4.309,1940,-46.699905,-23.703744
2023-11-05,Brazil,Esteban Ocon,OCO,ocon,31,French,1996-09-17,Alpine Renault,14,10.0,Finished,70,+1 lap,lapped,1,No,1:14.206,Lapped,4.309,1940,-46.699905,-23.703744
2023-11-05,Brazil,Logan Sargeant,SAR,sargeant,2,American,2000-12-31,Williams Mercedes,19,11.0,Finished,70,+1 lap,lapped,0,No,1:15.738,Lapped,4.309,1940,-46.699905,-23.703744
2023-11-05,Brazil,Nico Hulkenberg,HUL,hulkenberg,27,German,1987-08-19,Haas Ferrari,11,12.0,Finished,70,+1 lap,lapped,0,No,1:15.036,Lapped,4.309,1940,-46.699905,-23.703744
2023-11-05,Brazil,Daniel Ricciardo,RIC,ricciardo,3,Australian,1989-07-01,AlphaTauri Honda RBPT,17,13.0,Finished,70,+1 lap,lapped,0,No,1:13.866,Lapped,4.309,1940,-46.699905,-23.703744
2023-11-05,Brazil,Oscar Piastri,PIA,piastri,81,Australian,2001-04-06,McLaren Mercedes,10,14.0,Finished,69,+2 laps,lapped,0,No,1:14.310,Lapped,4.309,1940,-46.699905,-23.703744
2023-11-05,Brazil,George Russell,RUS,russell,63,British,1998-02-15,Mercedes,8,,NC,57,DNF,dnf_dns,0,No,1:14.934,Retired,4.309,1940,-46.699905,-23.703744
2023-11-05,Brazil,Valtteri Bottas,BOT,bottas,77,Finnish,1989-08-28,Alfa Romeo Ferrari,18,,NC,39,DNF,dnf_dns,0,No,1:15.731,Retired,4.309,1940,-46.699905,-23.703744
2023-11-05,Brazil,Guanyu Zhou,ZHO,zhou,24,Chinese,1999-05-30,Alfa Romeo Ferrari,20,,NC,22,DNF,dnf_dns,0,No,1:16.232,Retired,4.309,1940,-46.699905,-23.703744
2023-11-05,Brazil,Kevin Magnussen,MAG,kevin_magnussen,20,Danish,1992-10-05,Haas Ferrari,12,,NC,0,DNF,dnf_dns,0,No,,Retired,4.309,1940,-46.699905,-23.703744
2023-11-05,Brazil,Alexander Albon,ALB,albon,23,Thai,1996-03-23,Williams Mercedes,13,,NC,0,DNF,dnf_dns,0,No,,Retired,4.309,1940,-46.699905,-23.703744
2023-11-05,Brazil,Charles Leclerc,LEC,leclerc,16,Monegasque,1997-10-16,Ferrari,2,,NC,0,DNS,dnf_dns,0,No,,Did not start,4.309,1940,-46.699905,-23.703744
2023-11-19,Las Vegas,Max Verstappen,VER,max_verstappen,1,Dutch,1997-09-30,Red Bull Racing Honda RBPT,2,1.0,Finished,50,1:29:08.289,winner_time,25,No,1:35.614,Finished,6.201,2023,-115.161202,36.109904
2023-11-19,Las Vegas,Charles Leclerc,LEC,leclerc,16,Monegasque,1997-10-16,Ferrari,1,2.0,Finished,50,+2.070,gap_to_winner,18,No,1:35.669,Finished,6.201,2023,-115.161202,36.109904
2023-11-19,Las Vegas,Sergio Perez,PER,perez,11,Mexican,1990-01-26,Red Bull Racing Honda RBPT,11,3.0,Finished,50,+2.241,gap_to_winner,15,No,1:35.939,Finished,6.201,2023,-115.161202,36.109904
2023-11-19,Las Vegas,Esteban Ocon,OCO,ocon,31,French,1996-09-17,Alpine Renault,16,4.0,Finished,50,+18.665,gap_to_winner,12,No,1:36.637,Finished,6.201,2023,-115.161202,36.109904
2023-11-19,Las Vegas,Lance Stroll,STR,stroll,18,Canadian,1998-10-29,Aston Martin Aramco Mercedes,19,5.0,Finished,50,+20.067,gap_to_winner,10,No,1:36.584,Finished,6.201,2023,-115.161202,36.109904
2023-11-19,Las Vegas,Carlos Sainz,SAI,sainz,55,Spanish,1994-09-01,Ferrari,12,6.0,Finished,50,+20.834,gap_to_winner,8,No,1:35.984,Finished,6.201,2023,-115.161202,36.109904
2023-11-19,Las Vegas,Lewis Hamilton,HAM,hamilton,44,British,1985-01-07,Mercedes,10,7.0,Finished,50,+21.755,gap_to_winner,6,No,1:35.716,Finished,6.201,2023,-115.161202,36.109904
2023-11-19,Las Vegas,George Russell,RUS,russell,63,British,1998-02-15,Mercedes,3,8.0,Finished,50,+23.091,gap_to_winner,4,No,1:36.071,Finished,6.201,2023,-115.161202,36.109904
2023-11-19,Las Vegas,Fernando Alonso,ALO,alonso,14,Spanish,1981-07-29,Aston Martin Aramco Mercedes,9,9.0,Finished,50,+25.964,gap_to_winner,2,No,1:36.559,Finished,6.201,2023,-115.161202,36.109904
2023-11-19,Las Vegas,Oscar Piastri,PIA,piastri,81,Australian,2001-04-06,McLaren Mercedes,18,10.0,Finished,50,+29.496,gap_to_winner,2,Yes,1:35.490,Finished,6.201,2023,-115.161202,36.109904
2023-11-19,Las Vegas,Pierre Gasly,GAS,gasly,10,French,1996-02-07,Alpine Renault,4,11.0,Finished,50,+34.270,gap_to_winner,0,No,1:36.913,Finished,6.201,2023,-115.161202,36.109904
2023-11-19,Las Vegas,Alexander Albon,ALB,albon,23,Thai,1996-03-23,Williams Mercedes,5,12.0,Finished,50,+43.398,gap_to_winner,0,No,1:37.357,Finished,6.201,2023,-115.161202,36.109904
2023-11-19,Las Vegas,Kevin Magnussen,MAG,kevin_magnussen,20,Danish,1992-10-05,Haas Ferrari,8,13.0,Finished,50,+44.825,gap_to_winner,0,No,1:37.455,Finished,6.201,2023,-115.161202,36.109904
2023-11-19,Las Vegas,Daniel Ricciardo,RIC,ricciardo,3,Australian,1989-07-01,AlphaTauri Honda RBPT,14,14.0,Finished,50,+48.525,gap_to_winner,0,No,1:37.108,Finished,6.201,2023,-115.161202,36.109904
2023-11-19,Las Vegas,Guanyu Zhou,ZHO,zhou,24,Chinese,1999-05-30,Alfa Romeo Ferrari,17,15.0,Finished,50,+50.162,gap_to_winner,0,No,1:37.375,Finished,6.201,2023,-115.161202,36.109904
2023-11-19,Las Vegas,Logan Sargeant,SAR,sargeant,2,American,2000-12-31,Williams Mercedes,6,16.0,Finished,50,+50.882,gap_to_winner,0,No,1:37.740,Finished,6.201,2023,-115.161202,36.109904
2023-11-19,Las Vegas,Valtteri Bottas,BOT,bottas,77,Finnish,1989-08-28,Alfa Romeo Ferrari,7,17.0,Finished,50,+85.350,gap_to_winner,0,No,1:37.562,Finished,6.201,2023,-115.161202,36.109904
2023-11-19,Las Vegas,Yuki Tsunoda,TSU,tsunoda,22,Japanese,2000-05-11,AlphaTauri Honda RBPT,20,18.0,Finished,46,DNF,dnf_dns,0,No,1:37.587,Retired,6.201,2023,-115.161202,36.109904
2023-11-19,Las Vegas,Nico Hulkenberg,HUL,hulkenberg,27,German,1987-08-19,Haas Ferrari,13,19.0,Finished,45,DNF,dnf_dns,0,No,1:37.565,Retired,6.201,2023,-115.161202,36.109904
2023-11-19,Las Vegas,Lando Norris,NOR,norris,4,British,1999-11-13,McLaren Mercedes,15,,NC,2,DNF,dnf_dns,0,No,1:59.327,Retired,6.201,2023,-115.161202,36.109904
2023-11-26,Abu Dhabi,Max Verstappen,VER,max_verstappen,1,Dutch,1997-09-30,Red Bull Racing Honda RBPT,1,1.0,Finished,58,1:27:02.624,winner_time,26,Yes,1:26.993,Finished,5.281,2009,54.605463,24.46997
2023-11-26,Abu Dhabi,Charles Leclerc,LEC,leclerc,16,Monegasque,1997-10-16,Ferrari,2,2.0,Finished,58,+17.993,gap_to_winner,18,No,1:28.199,Finished,5.281,2009,54.605463,24.46997
2023-11-26,Abu Dhabi,George Russell,RUS,russell,63,British,1998-02-15,Mercedes,4,3.0,Finished,58,+20.328,gap_to_winner,15,No,1:28.187,Finished,5.281,2009,54.605463,24.46997
2023-11-26,Abu Dhabi,Sergio Perez,PER,perez,11,Mexican,1990-01-26,Red Bull Racing Honda RBPT,9,4.0,Finished,58,+21.453,gap_to_winner,12,No,1:27.493,Finished,5.281,2009,54.605463,24.46997
2023-11-26,Abu Dhabi,Lando Norris,NOR,norris,4,British,1999-11-13,McLaren Mercedes,5,5.0,Finished,58,+24.284,gap_to_winner,10,No,1:28.164,Finished,5.281,2009,54.605463,24.46997
2023-11-26,Abu Dhabi,Oscar Piastri,PIA,piastri,81,Australian,2001-04-06,McLaren Mercedes,3,6.0,Finished,58,+31.487,gap_to_winner,8,No,1:28.138,Finished,5.281,2009,54.605463,24.46997
2023-11-26,Abu Dhabi,Fernando Alonso,ALO,alonso,14,Spanish,1981-07-29,Aston Martin Aramco Mercedes,7,7.0,Finished,58,+39.512,gap_to_winner,6,No,1:28.256,Finished,5.281,2009,54.605463,24.46997
2023-11-26,Abu Dhabi,Yuki Tsunoda,TSU,tsunoda,22,Japanese,2000-05-11,AlphaTauri Honda RBPT,6,8.0,Finished,58,+43.088,gap_to_winner,4,No,1:29.256,Finished,5.281,2009,54.605463,24.46997
2023-11-26,Abu Dhabi,Lewis Hamilton,HAM,hamilton,44,British,1985-01-07,Mercedes,11,9.0,Finished,58,+44.424,gap_to_winner,2,No,1:28.372,Finished,5.281,2009,54.605463,24.46997
2023-11-26,Abu Dhabi,Lance Stroll,STR,stroll,18,Canadian,1998-10-29,Aston Martin Aramco Mercedes,13,10.0,Finished,58,+55.632,gap_to_winner,1,No,1:28.050,Finished,5.281,2009,54.605463,24.46997
2023-11-26,Abu Dhabi,Daniel Ricciardo,RIC,ricciardo,3,Australian,1989-07-01,AlphaTauri Honda RBPT,15,11.0,Finished,58,+56.229,gap_to_winner,0,No,1:28.571,Finished,5.281,2009,54.605463,24.46997
2023-11-26,Abu Dhabi,Esteban Ocon,OCO,ocon,31,French,1996-09-17,Alpine Renault,12,12.0,Finished,58,+66.373,gap_to_winner,0,No,1:30.033,Finished,5.281,2009,54.605463,24.46997
2023-11-26,Abu Dhabi,Pierre Gasly,GAS,gasly,10,French,1996-02-07,Alpine Renault,10,13.0,Finished,58,+70.360,gap_to_winner,0,No,1:29.016,Finished,5.281,2009,54.605463,24.46997
2023-11-26,Abu Dhabi,Alexander Albon,ALB,albon,23,Thai,1996-03-23,Williams Mercedes,14,14.0,Finished,58,+73.184,gap_to_winner,0,No,1:27.845,Finished,5.281,2009,54.605463,24.46997
2023-11-26,Abu Dhabi,Nico Hulkenberg,HUL,hulkenberg,27,German,1987-08-19,Haas Ferrari,8,15.0,Finished,58,+83.696,gap_to_winner,0,No,1:29.217,Finished,5.281,2009,54.605463,24.46997
2023-11-26,Abu Dhabi,Logan Sargeant,SAR,sargeant,2,American,2000-12-31,Williams Mercedes,20,16.0,Finished,58,+87.791,gap_to_winner,0,No,1:28.580,Finished,5.281,2009,54.605463,24.46997
2023-11-26,Abu Dhabi,Guanyu Zhou,ZHO,zhou,24,Chinese,1999-05-30,Alfa Romeo Ferrari,19,17.0,Finished,58,+89.422,gap_to_winner,0,No,1:28.746,Finished,5.281,2009,54.605463,24.46997
2023-11-26,Abu Dhabi,Carlos Sainz,SAI,sainz,55,Spanish,1994-09-01,Ferrari,16,18.0,Finished,57,DNF,dnf_dns,0,No,1:29.452,Retired,5.281,2009,54.605463,24.46997
2023-11-26,Abu Dhabi,Valtteri Bottas,BOT,bottas,77,Finnish,1989-08-28,Alfa Romeo Ferrari,18,19.0,Finished,57,+1 lap,lapped,0,No,1:29.863,Lapped,5.281,2009,54.605463,24.46997
2023-11-26,Abu Dhabi,Kevin Magnussen,MAG,kevin_magnussen,20,Danish,1992-10-05,Haas Ferrari,17,20.0,Finished,57,+1 lap,lapped,0,No,1:29.934,Lapped,5.281,2009,54.605463,24.46997
